NCBI	Name	contrast	z.ratio	padj
1013	Methanobrevibacter	Castrado0 - Castrado1	0.8935575099684481	0.37155868889574617
102	Acidobacteria_Gp16	Castrado0 - Castrado1	-1.3637175333727507	0.17265648358917968
103	Acidobacteria_Gp17	Castrado0 - Castrado1	-1.479833422475618	0.13891770679190993
1036	Geothrix	Castrado0 - Castrado1	-1.836425417820152	0.06629476321028953
1037	Holophaga	Castrado0 - Castrado1	-1.0431495753458524	0.29687902314207176
1039	Acidimicrobineae	Castrado0 - Castrado1	0.0983659745768969	0.9216416919709226
1040	Actinomycineae	Castrado0 - Castrado1	-0.32569746146728484	0.7446532650563047
1042	Catenulisporineae	Castrado0 - Castrado1	0.7325713911376334	0.4638198853835635
1043	Corynebacterineae	Castrado0 - Castrado1	1.1734596597831286	0.24061152480763115
1044	Frankineae	Castrado0 - Castrado1	-1.420559531140051	0.15544485043014716
1048	Micrococcineae	Castrado0 - Castrado1	1.0215676546909755	0.3069855731157818
1049	Micromonosporineae	Castrado0 - Castrado1	-0.15125663934097378	0.8797732724625617
1050	Propionibacterineae	Castrado0 - Castrado1	-1.1928791517837705	0.23291670528480996
1051	Pseudonocardineae	Castrado0 - Castrado1	0.4262129213610535	0.6699527028674019
1052	Streptomycineae	Castrado0 - Castrado1	0.25852681696436025	0.7960003552358144
1053	Streptosporangineae	Castrado0 - Castrado1	-1.5405929607246966	0.12341588221939236
1054	unclassified_Actinomycetales	Castrado0 - Castrado1	0.8740227461361844	0.3821058666237522
1055	Bifidobacteriaceae	Castrado0 - Castrado1	-1.4007509798811313	0.1612885520372356
1056	Coriobacterineae	Castrado0 - Castrado1	-0.556570785198517	0.5778207189765289
1058	Nitriliruptoraceae	Castrado0 - Castrado1	-0.6325388908073396	0.5270348039631045
1059	Gaiellaceae	Castrado0 - Castrado1	-0.33085270480221723	0.7407557479372471
106	Acidobacteria_Gp1	Castrado0 - Castrado1	0.12749155105956858	0.8985513598930536
1060	Rubrobacterineae	Castrado0 - Castrado1	0.20492824541403068	0.8376281868596502
1061	Conexibacteraceae	Castrado0 - Castrado1	-0.28266033307431643	0.7774372262716616
1064	unclassified_Solirubrobacterales	Castrado0 - Castrado1	1.0660015486346262	0.2864229418515201
1065	Thermoleophilum	Castrado0 - Castrado1	-0.05482799102481408	0.9562755003239172
1068	Hydrogenobacter	Castrado0 - Castrado1	1.6091710647990691	0.10757894154111909
108	Acidobacteria_Gp21	Castrado0 - Castrado1	-1.1647479772307354	0.24412102237851066
1083	Armatimonas/Armatimonadetes_gp1	Castrado0 - Castrado1	-1.6802975949196925	0.09289942878180517
1084	Chthonomonas/Armatimonadetes_gp3	Castrado0 - Castrado1	0.05344546778988289	0.9573769788985029
1088	Barnesiella	Castrado0 - Castrado1	0.12406844206475505	0.9012610846499528
1089	Butyricimonas	Castrado0 - Castrado1	-0.6888393138365083	0.4909243924939773
109	Acidobacteria_Gp22	Castrado0 - Castrado1	0.09250484073108844	0.9262969453666672
1090	Coprobacter	Castrado0 - Castrado1	0.2778902390848311	0.7810966169958808
1091	Dysgonomonas	Castrado0 - Castrado1	0.8935575106016164	0.37155868855684027
1092	Falsiporphyromonas	Castrado0 - Castrado1	0.7325713922075795	0.46381988473078256
1093	Macellibacteroides	Castrado0 - Castrado1	1.0110427681566763	0.31199596061180473
1095	Odoribacter	Castrado0 - Castrado1	-0.006666007223913324	0.994681335143592
1096	Paludibacter	Castrado0 - Castrado1	0.15089926842321955	0.8800551775925328
1097	Parabacteroides	Castrado0 - Castrado1	0.6063288105131472	0.5442964308652452
1098	Petrimonas	Castrado0 - Castrado1	-0.9759689630239332	0.32907984505809984
1099	Porphyromonas	Castrado0 - Castrado1	0.6874829619922449	0.49177843386646264
110	Acidobacteria_Gp23	Castrado0 - Castrado1	-0.2980268479485821	0.7656826724943453
1100	Proteiniphilum	Castrado0 - Castrado1	0.17933915236143794	0.857671406025734
1101	Tannerella	Castrado0 - Castrado1	0.17748417880535186	0.859128091436002
1102	unclassified_Porphyromonadaceae	Castrado0 - Castrado1	0.8149118216047786	0.41512278588511436
1103	Alloprevotella	Castrado0 - Castrado1	0.83982146852250406	0.40100849441610437
1104	Paraprevotella	Castrado0 - Castrado1	0.3476261188812522	0.7281209882372417
1105	Prevotella	Castrado0 - Castrado1	0.4618275024037685	0.6442050266970676
1106	unclassified_Prevotellaceae	Castrado0 - Castrado1	0.2739833175974884	0.7840974419256185
1107	Alistipes	Castrado0 - Castrado1	-0.4560383267924709	0.6483624177839545
1113	Bacteroides	Castrado0 - Castrado1	0.464140282906068	0.642547242464342
1131	Tangfeifania	Castrado0 - Castrado1	0.7325713913983859	0.46381988522447676
1132	unclassified_Prolixibacteraceae	Castrado0 - Castrado1	1.5221572440416475	0.12796968541340825
1134	Algoriphagus	Castrado0 - Castrado1	-1.2882242887111617	0.1976678993922972
114	Acidobacteria_Gp2	Castrado0 - Castrado1	-0.3549658864388642	0.7226151478733759
115	Acidobacteria_Gp3	Castrado0 - Castrado1	-1.2155690511537074	0.22414912970234474
1150	Arcicella	Castrado0 - Castrado1	-1.2652816954300348	0.2057703658479428
1154	Emticicia	Castrado0 - Castrado1	1.7372760393155249	0.08233845875782797
116	Acidobacteria_Gp4	Castrado0 - Castrado1	-1.334342719521051	0.18209156320444422
1161	Hymenobacter	Castrado0 - Castrado1	0.4031397205401116	0.6868454414598342
117	Acidobacteria_Gp5	Castrado0 - Castrado1	-0.4808525148693284	0.6306213235841327
1170	Pontibacter	Castrado0 - Castrado1	-0.48085251527766426	0.6306213232938982
1171	Pseudarcicella	Castrado0 - Castrado1	0.09250484073108844	0.9262969453666672
1179	Sporocytophaga	Castrado0 - Castrado1	0.09250484065966744	0.9262969454234096
118	Acidobacteria_Gp6	Castrado0 - Castrado1	-0.8821198724282511	0.37771198677291545
1180	unclassified_Cytophagaceae	Castrado0 - Castrado1	0.6242745437511642	0.5324472988641917
119	Acidobacteria_Gp7	Castrado0 - Castrado1	0.09250484068550006	0.9262969454028862
1200	unclassified_Flammeovirgaceae	Castrado0 - Castrado1	0.14691892148534738	0.8831960168020793
121	Holophagae	Castrado0 - Castrado1	-1.6225682687631977	0.10468172827822686
1212	unclassified_Cryomorphaceae	Castrado0 - Castrado1	0.09250484070401253	0.9262969453881784
122	unclassified_Acidobacteria	Castrado0 - Castrado1	0.3776478006902243	0.705692249914275
123	Actinobacteria	Castrado0 - Castrado1	-0.6259149732539941	0.531370712835288
1232	Cloacibacterium	Castrado0 - Castrado1	-0.139442023240614	0.8891008669652897
124	Thermoleophilia	Castrado0 - Castrado1	0.19263819723522377	0.8472423281117518
125	unclassified_Actinobacteria	Castrado0 - Castrado1	0.8059252198366486	0.4202859685184577
1251	Flavobacterium	Castrado0 - Castrado1	0.34701161676556264	0.7285825915110578
126	Aquificae	Castrado0 - Castrado1	0.711332120771694	0.4768784514626528
127	Armatimonadetes_gp2	Castrado0 - Castrado1	0.20492824550283914	0.8376281867902636
128	Armatimonadetes_gp4	Castrado0 - Castrado1	0.09250484069722091	0.9262969453935742
1290	Moheibacter	Castrado0 - Castrado1	-1.0530187645805087	0.2923323920517404
1304	Psychroflexus	Castrado0 - Castrado1	-0.28804481394835724	0.7733124350901972
132	Armatimonadia	Castrado0 - Castrado1	0.37764780122501285	0.7056922495169435
133	Chthonomonadetes	Castrado0 - Castrado1	0.6944200554773291	0.4874188200187567
1338	unclassified_Flavobacteriaceae	Castrado0 - Castrado1	0.7912676546554224	0.428787819196284
1343	Salinibacter	Castrado0 - Castrado1	-1.363717533632372	0.17265648350743754
1352	unclassified_Saprospiraceae	Castrado0 - Castrado1	-0.5418029327961246	0.5879542708022645
137	Bacteroidia	Castrado0 - Castrado1	0.7101210622389689	0.47762906622189716
1370	Niastella	Castrado0 - Castrado1	0.09250484034113156	0.9262969456764794
1373	Sediminibacterium	Castrado0 - Castrado1	0.7325713921434123	0.4638198847699313
1374	Segetibacter	Castrado0 - Castrado1	-1.3637175334407687	0.1726564835677641
1379	unclassified_Chitinophagaceae	Castrado0 - Castrado1	-1.0858003932290978	0.2775673123984334
138	Cytophagia	Castrado0 - Castrado1	0.5853341997506112	0.558323023264971
139	Flavobacteriia	Castrado0 - Castrado1	0.7749952782205081	0.4383424497042742
1391	Caldisericum	Castrado0 - Castrado1	0.09250484062799845	0.9262969454485699
1396	Parachlamydia	Castrado0 - Castrado1	0.09250484068479466	0.9262969454034466
1397	unclassified_Parachlamydiaceae	Castrado0 - Castrado1	0.893557510883361	0.3715586884060354
140	Sphingobacteriia	Castrado0 - Castrado1	0.40278993499560284	0.6871027661191815
1400	Chlorobaculum	Castrado0 - Castrado1	0.3061359055115181	0.7595011708095851
1404	unclassified_Chlorobiaceae	Castrado0 - Castrado1	0.7325713909947631	0.4638198854707296
141	unclassified_Bacteroidetes	Castrado0 - Castrado1	0.20964099517487572	0.8339478810255723
1413	unclassified_Anaerolineaceae	Castrado0 - Castrado1	-1.9223939396593486	0.05455620757573447
1416	Litorilinea	Castrado0 - Castrado1	0.09250484067867586	0.9262969454083079
1418	Chloroflexaceae	Castrado0 - Castrado1	0.6879785483653242	0.49146629021608534
142	Caldisericia	Castrado0 - Castrado1	0.09250484067016311	0.926296945415071
1421	Herpetosiphon	Castrado0 - Castrado1	1.609171058991503	0.10757894281065895
1423	Dehalococcoides	Castrado0 - Castrado1	0.04040540671037969	0.9677699198394645
1424	Ktedonobacter	Castrado0 - Castrado1	-0.08197221003261561	0.9346688122471957
1428	Sphaerobacterineae	Castrado0 - Castrado1	-0.7433356545560212	0.45727849033825135
143	Chlamydiia	Castrado0 - Castrado1	0.6734749389337867	0.5006451871625841
1439	Geovibrio	Castrado0 - Castrado1	0.09250484068346879	0.9262969454045
144	Chlorobia	Castrado0 - Castrado1	0.6874855816172191	0.4917767836235394
1440	Mucispirillum	Castrado0 - Castrado1	-0.5983086051757953	0.5496340358697225
1445	Deinococcus	Castrado0 - Castrado1	0.5615214154261609	0.5744421354003235
1447	Truepera	Castrado0 - Castrado1	-1.2452936877501575	0.21302381510003907
1449	Meiothermus	Castrado0 - Castrado1	-1.363717533010846	0.17265648370312595
1452	Thermus	Castrado0 - Castrado1	-0.1254146254698959	0.900195310081397
1456	Elusimicrobium	Castrado0 - Castrado1	-1.8364254177128676	0.06629476322614417
1457	Fibrobacter	Castrado0 - Castrado1	0.09250484064480875	0.9262969454352146
1458	Chitinivibrio	Castrado0 - Castrado1	0.20492824514316224	0.8376281870712812
146	Anaerolineae	Castrado0 - Castrado1	-1.3987442014501532	0.16188970420540685
1460	Fusobacterium	Castrado0 - Castrado1	-0.11165233798713908	0.9110990717138151
1465	Leptotrichia	Castrado0 - Castrado1	0.09250484065203891	0.9262969454294703
1470	Gemmatimonas	Castrado0 - Castrado1	-0.9830564059013687	0.32557967826559814
1472	Victivallis	Castrado0 - Castrado1	-0.5006921902373268	0.6165877694590389
1473	Oligosphaera	Castrado0 - Castrado1	-0.4808525147273689	0.6306213236850338
1474	Phycisphaera	Castrado0 - Castrado1	-1.8364254198578098	0.06629476290916142
148	Caldilineae	Castrado0 - Castrado1	0.7325713921153332	0.46381988478706265
1480	unclassified_Candidatus Brocadiaceae	Castrado0 - Castrado1	0.09250484071646892	0.9262969453782821
1483	Gemmata	Castrado0 - Castrado1	0.0925048404730912	0.9262969455716403
1484	Gimesia	Castrado0 - Castrado1	-1.4773140263661062	0.1395914798495627
149	Chloroflexia	Castrado0 - Castrado1	0.734748761925321	0.46249251730888064
1490	Rubinisphaera	Castrado0 - Castrado1	-1.3637175329892732	0.17265648370991815
1494	Thermogutta	Castrado0 - Castrado1	-1.504949643364112	0.13233702374210277
1496	unclassified_Planctomycetaceae	Castrado0 - Castrado1	-0.45656992463284296	0.6479802005299182
1497	Mariprofundus	Castrado0 - Castrado1	-0.36489766193987305	0.7151877996586922
150	Dehalococcoidia	Castrado0 - Castrado1	-1.836425420438934	0.06629476282328202
1504	Phenylobacterium	Castrado0 - Castrado1	0.09250484073108844	0.9262969453666672
151	Ktedonobacteria	Castrado0 - Castrado1	-1.1631570245377882	0.24476579921458705
1510	Henriciella	Castrado0 - Castrado1	0.09250484033859556	0.9262969456784942
1512	Hyphomonas	Castrado0 - Castrado1	-2.3781876055626388	0.0173979717778999
1517	Ponticaulis	Castrado0 - Castrado1	-0.542798712888701	0.5872683995236723
1520	unclassified_Hyphomonadaceae	Castrado0 - Castrado1	0.09250484056456479	0.9262969454989666
1524	Magnetococcus	Castrado0 - Castrado1	0.09250484061295006	0.9262969454605255
1526	Aureimonas	Castrado0 - Castrado1	0.09250484068550006	0.9262969454028862
153	Thermomicrobia	Castrado0 - Castrado1	-0.49933980862731214	0.617540015133647
154	unclassified_Chloroflexi	Castrado0 - Castrado1	-0.7072231754790144	0.4794277985507568
1542	Afipia	Castrado0 - Castrado1	1.6091710612057657	0.1075789423266189
1544	Bradyrhizobium	Castrado0 - Castrado1	0.2049282452153088	0.8376281870149126
156	Deferribacteres	Castrado0 - Castrado1	-0.5747288451654055	0.5654746959923793
157	Deinococci	Castrado0 - Castrado1	0.48638061181620806	0.626697334321347
1578	Methylobacterium	Castrado0 - Castrado1	-1.486970777095953	0.13702252928189243
159	Elusimicrobia	Castrado0 - Castrado1	0.7113321201469984	0.4768784518496729
1595	Mesorhizobium	Castrado0 - Castrado1	0.7325713923137867	0.46381988466598495
1602	Ensifer	Castrado0 - Castrado1	-1.3637175318295196	0.17265648407506837
1605	Rhizobium	Castrado0 - Castrado1	0.09250484067867586	0.9262969454083079
162	Fibrobacteria	Castrado0 - Castrado1	0.1466460950013255	0.8834113684137445
163	Chitinivibrionia	Castrado0 - Castrado1	1.3216948511572721	0.18626978388854049
164	Fusobacteriia	Castrado0 - Castrado1	-0.13288629862389836	0.8942833029118831
165	Gemmatimonadetes	Castrado0 - Castrado1	-0.8002378431834859	0.4235730079551227
166	Lentisphaeria	Castrado0 - Castrado1	-0.48085251519730843	0.6306213233510131
1669	Jannaschia	Castrado0 - Castrado1	-1.2452936867279298	0.21302381547565602
167	Oligosphaeria	Castrado0 - Castrado1	-1.0431495752386022	0.29687902319173637
168	unclassified_Lentisphaerae	Castrado0 - Castrado1	-0.27204208054493795	0.7855896634431073
169	Phycisphaerae	Castrado0 - Castrado1	-2.0353568866027745	0.04181497607442792
1698	Paracoccus	Castrado0 - Castrado1	-0.6325388902503916	0.5270348043269131
17	Acidobacteria	Castrado0 - Castrado1	-1.2058724546078061	0.22786667302880922
170	Planctomycetia	Castrado0 - Castrado1	-0.9974329467749073	0.31855440584822026
1703	Planktomarina	Castrado0 - Castrado1	0.09250484067509326	0.9262969454111541
171	unclassified_Planctomycetes	Castrado0 - Castrado1	0.4799555096738382	0.6312590288865397
1716	Pseudorhodobacter	Castrado0 - Castrado1	0.14664609516810853	0.8834113682820941
172	Zetaproteobacteria	Castrado0 - Castrado1	-1.1773599249031599	0.23905187809465775
173	Alphaproteobacteria	Castrado0 - Castrado1	-2.7962777788666697	0.005169494786094186
1734	Rubellimicrobium	Castrado0 - Castrado1	-0.20441465846021004	0.8380294762287708
174	Betaproteobacteria	Castrado0 - Castrado1	0.5232573418614757	0.6007951822709416
175	Deltaproteobacteria	Castrado0 - Castrado1	-0.3384017709690238	0.735060439733979
176	Epsilonproteobacteria	Castrado0 - Castrado1	-0.09591155536785155	0.923590817036208
1760	unclassified_Rhodobacteraceae	Castrado0 - Castrado1	-1.4234710772050854	0.15459964073319982
177	Gammaproteobacteria	Castrado0 - Castrado1	0.32072867715011144	0.7484160132313002
1787	Roseomonas	Castrado0 - Castrado1	-1.3637175329892732	0.17265648370991815
179	unclassified_Proteobacteria	Castrado0 - Castrado1	-0.5464542480917346	0.5847537290591227
1795	Aestuariispira	Castrado0 - Castrado1	-0.8319582748443147	0.40543249668316844
1796	Azospirillum	Castrado0 - Castrado1	0.09250484068242763	0.9262969454053271
1799	Defluviicoccus	Castrado0 - Castrado1	-0.3648976620412061	0.7151877995830476
18	Actinobacteria	Castrado0 - Castrado1	-0.6469297462482108	0.5176774129218699
180	Spirochaetia	Castrado0 - Castrado1	-0.25767750210742446	0.7966558106158137
181	Synergistia	Castrado0 - Castrado1	0.35764631179391465	0.7206080158193682
1818	Pelagibius	Castrado0 - Castrado1	-0.08197221005324014	0.9346688122307949
182	Mollicutes	Castrado0 - Castrado1	-0.1999254602648013	0.8415388779940028
1832	unclassified_Rhodospirillaceae	Castrado0 - Castrado1	1.0536382114463971	0.29204858769237096
1833	Anaplasma	Castrado0 - Castrado1	-1.363717533632372	0.17265648350743754
1837	Orientia	Castrado0 - Castrado1	0.09250484043204243	0.9262969456042527
1838	Rickettsia	Castrado0 - Castrado1	0.7325713911376334	0.4638198853835635
184	Thermotogae	Castrado0 - Castrado1	-0.9406761739163129	0.34687083250701645
1844	unclassified_Sneathiellaceae	Castrado0 - Castrado1	-1.3637175371722863	0.1726564823928901
185	Opitutae	Castrado0 - Castrado1	-0.03878533179574043	0.9690615395667528
1853	Novosphingobium	Castrado0 - Castrado1	-1.479833421884485	0.13891770694970482
186	Spartobacteria	Castrado0 - Castrado1	6.41113703742275e-4	0.9994884653091073
1861	Sphingobium	Castrado0 - Castrado1	-1.363717533010846	0.17265648370312595
1863	Sphingomonas	Castrado0 - Castrado1	-0.510795047738773	0.6094945772305782
1865	Sphingorhabdus	Castrado0 - Castrado1	0.09250484063096341	0.9262969454462143
1869	unclassified_Sphingomonadaceae	Castrado0 - Castrado1	-0.7637438583377365	0.44501989892250227
187	Subdivision3	Castrado0 - Castrado1	-2.93127903289693	0.0033756942181641138
1871	Achromobacter	Castrado0 - Castrado1	-0.23099725007228475	0.8173169383888087
188	Subdivision5	Castrado0 - Castrado1	-0.9406761742473154	0.3468708323373391
1883	Oligella	Castrado0 - Castrado1	0.37764780125268643	0.7056922494963829
1884	Paenalcaligenes	Castrado0 - Castrado1	-1.3637175322006723	0.17265648395821037
189	Verrucomicrobiae	Castrado0 - Castrado1	0.09447875201690142	0.9247288603706489
1890	Taylorella	Castrado0 - Castrado1	0.09250484067509326	0.9262969454111541
1891	unclassified_Alcaligenaceae	Castrado0 - Castrado1	0.27755859636740465	0.7813512189736267
1892	Burkholderia	Castrado0 - Castrado1	0.7325713925680322	0.46381988451086814
1896	Limnobacter	Castrado0 - Castrado1	-1.8364254169025922	0.06629476334588788
19	Aquificae	Castrado0 - Castrado1	0.14664609510121182	0.8834113683348991
190	unclassified_Verrucomicrobia	Castrado0 - Castrado1	0.3582559095049821	0.7201518103108329
1900	Ralstonia	Castrado0 - Castrado1	-0.48085251518213146	0.6306213233618004
1902	Aquabacterium	Castrado0 - Castrado1	0.4110594260121429	0.6810289603821816
1914	Tepidimonas	Castrado0 - Castrado1	0.14664609512647261	0.8834113683149595
1918	unclassified_Burkholderiales_incertae_sedis	Castrado0 - Castrado1	-0.39760008393966717	0.6909249986364374
1919	Acidovorax	Castrado0 - Castrado1	0.3950146278788941	0.6928320925470841
1924	Comamonas	Castrado0 - Castrado1	-0.7533481638780015	0.4512407233094195
1926	Delftia	Castrado0 - Castrado1	1.5668342668010087	0.11715343551216555
1927	Diaphorobacter	Castrado0 - Castrado1	0.573323310231781	0.5664258051788316
1930	Hydrogenophaga	Castrado0 - Castrado1	-1.2452936866486495	0.21302381550478758
1939	Pelomonas	Castrado0 - Castrado1	0.0018295793716906238	0.9985402076809733
194	BRC1_genera_incertae_sedis	Castrado0 - Castrado1	0.8747433985431932	0.38171354079660685
1942	Pseudorhodoferax	Castrado0 - Castrado1	-0.48085251465932166	0.6306213237334
1944	Rhodoferax	Castrado0 - Castrado1	-0.8319582753089408	0.405432496420901
1953	unclassified_Comamonadaceae	Castrado0 - Castrado1	0.8930522272947425	0.37182920452442847
1959	Janthinobacterium	Castrado0 - Castrado1	-0.6949259732979063	0.4871016945203533
196	Saccharibacteria_genera_incertae_sedis	Castrado0 - Castrado1	0.07664588677819206	0.9389052539223951
1969	unclassified_Oxalobacteraceae	Castrado0 - Castrado1	0.09250484071646892	0.9262969453782821
197	Candidatus Cloacamonas	Castrado0 - Castrado1	0.7786408634246189	0.43619130058685235
1970	Parasutterella	Castrado0 - Castrado1	0.5357918222341034	0.5921024346459332
1971	Sutterella	Castrado0 - Castrado1	0.09250484090688178	0.9262969452270032
1974	Ferrovum	Castrado0 - Castrado1	-0.4808525148467989	0.6306213236001461
198	Chloroplast	Castrado0 - Castrado1	-2.269342428638344	0.02324751026411782
1981	Thiobacillus	Castrado0 - Castrado1	0.09250484043204243	0.9262969456042527
1985	Methylotenera	Castrado0 - Castrado1	-0.975968963136752	0.3290798450021904
199	Cyanobacteria	Castrado0 - Castrado1	-2.4460702145303896	0.014442287138674662
20	Armatimonadetes	Castrado0 - Castrado1	-2.5046269193211397	0.012258061685486802
2001	Eikenella	Castrado0 - Castrado1	-2.0353568867920595	0.04181497605539587
201	Bacilli	Castrado0 - Castrado1	0.3396976082108525	0.7340842631234603
2010	Morococcus	Castrado0 - Castrado1	0.09250484063096341	0.9262969454462143
2011	Neisseria	Castrado0 - Castrado1	-1.2648688647823292	0.20591834011306503
202	Clostridia	Castrado0 - Castrado1	0.6328666528826498	0.5268207260109845
2022	unclassified_Neisseriaceae	Castrado0 - Castrado1	-2.378187605177058	0.01739797179609353
2023	Nitrosomonas	Castrado0 - Castrado1	-1.245293687410246	0.21302381522493938
2025	unclassified_Nitrosomonadaceae	Castrado0 - Castrado1	-0.507912464068167	0.6115147332918187
203	Erysipelotrichia	Castrado0 - Castrado1	-1.189464140925636	0.23425707378717994
2031	Dechloromonas	Castrado0 - Castrado1	-1.4278226864821408	0.1533429012295536
2032	Denitratisoma	Castrado0 - Castrado1	-0.480852515832464	0.630621322899561
204	Negativicutes	Castrado0 - Castrado1	-1.3906288298827578	0.164338009307557
2045	unclassified_Rhodocyclaceae	Castrado0 - Castrado1	-0.12541462540569617	0.9001953101322197
2053	Bdellovibrio	Castrado0 - Castrado1	0.8903055609929051	0.3733018359416359
2054	Vampirovibrio	Castrado0 - Castrado1	-0.13751477972898957	0.8906239111900623
2056	Bradymonas	Castrado0 - Castrado1	-1.5469548532735908	0.12187413251100371
206	unclassified_Firmicutes	Castrado0 - Castrado1	-0.22928491563054043	0.8186474768026799
207	Candidatus Hydrogenedens	Castrado0 - Castrado1	-1.534825663043001	0.12482665722955004
2070	Desulfococcus	Castrado0 - Castrado1	1.6091710596290898	0.10757894267128183
2076	Desulfonema	Castrado0 - Castrado1	0.09250484065610948	0.9262969454262363
208	Ignavibacteria	Castrado0 - Castrado1	0.2049282454600083	0.8376281868237276
2082	unclassified_Desulfobacteraceae	Castrado0 - Castrado1	0.9180884664692487	0.35857255253807985
2083	Desulfobulbus	Castrado0 - Castrado1	0.76468418626129675	0.44445962502582365
2084	Desulfocapsa	Castrado0 - Castrado1	0.0925048404730912	0.9262969455716403
209	Latescibacteria_genera_incertae_sedis	Castrado0 - Castrado1	0.5156869206681741	0.6060730910880785
2090	Desulfurivibrio	Castrado0 - Castrado1	-1.0319386825196482	0.3021008432334351
2091	unclassified_Desulfobulbaceae	Castrado0 - Castrado1	0.3061359059062041	0.7595011705090876
2092	Desulfohalobium	Castrado0 - Castrado1	-0.9210646135527574	0.35701669382093715
2098	unclassified_Desulfohalobiaceae	Castrado0 - Castrado1	0.09250484048980141	0.9262969455583644
21	Bacteroidetes	Castrado0 - Castrado1	0.9314927944237009	0.35159871017157995
2101	Bilophila	Castrado0 - Castrado1	-1.1025959969310628	0.270202649422694
2104	Desulfovibrio	Castrado0 - Castrado1	-0.21308559234488744	0.831260202229724
2105	Lawsonia	Castrado0 - Castrado1	0.09250484077204651	0.9262969453341269
2106	unclassified_Desulfovibrionaceae	Castrado0 - Castrado1	-0.4006976264086351	0.6886427585558474
2109	Desulfuromonas	Castrado0 - Castrado1	-1.6681256680323227	0.09529078272565236
211	Microgenomates_genera_incertae_sedis	Castrado0 - Castrado1	-0.9759689631516982	0.3290798449947835
2115	Geobacter	Castrado0 - Castrado1	-0.8404715306284226	0.40064405749602905
2116	Geopsychrobacter	Castrado0 - Castrado1	0.09250484056456479	0.9262969454989666
2119	Cystobacteraceae	Castrado0 - Castrado1	1.6091710611703451	0.10757894233436183
2122	unclassified_Cystobacterineae	Castrado0 - Castrado1	-1.0530187627777499	0.29233239287795765
2126	unclassified_Nannocystineae	Castrado0 - Castrado1	2.1609256333732594	0.030701084448778154
2127	Sandaracinus	Castrado0 - Castrado1	0.7325713911828003	0.463819885356007
213	Nitrospira	Castrado0 - Castrado1	-0.21083138628781692	0.8330188462593214
2130	Polyangiaceae	Castrado0 - Castrado1	-1.6861333504068536	0.09177011766302648
2131	unclassified_Sorangiineae	Castrado0 - Castrado1	-2.035356886792776	0.04181497605532386
2135	Syntrophus	Castrado0 - Castrado1	-1.3637175326868105	0.17265648380514897
2136	unclassified_Syntrophaceae	Castrado0 - Castrado1	-0.48085251488724956	0.6306213235713949
2141	Desulfovirga	Castrado0 - Castrado1	-1.3637175327618523	0.17265648378152199
2146	Arcobacter	Castrado0 - Castrado1	-0.8319582753690641	0.4054324963869635
2147	Campylobacter	Castrado0 - Castrado1	-1.3637175329892732	0.17265648370991815
215	Parcubacteria_genera_incertae_sedis	Castrado0 - Castrado1	-0.06426743686194582	0.9487572814538928
2151	Helicobacter	Castrado0 - Castrado1	-0.3493381062400706	0.7268354936430431
2154	Sulfurovum	Castrado0 - Castrado1	0.7113321204694126	0.4768784516499263
217	SR1_genera_incertae_sedis	Castrado0 - Castrado1	1.4690520942308956	0.1418186600161501
2172	Citrobacter	Castrado0 - Castrado1	0.09250484090688178	0.9262969452270032
2177	Enterobacter	Castrado0 - Castrado1	0.6340910275189906	0.526021417988755
2179	Escherichia/Shigella	Castrado0 - Castrado1	0.3214635986834964	0.7478590935679852
2183	Hafnia	Castrado0 - Castrado1	-0.4808525157827248	0.6306213229349145
2184	Klebsiella	Castrado0 - Castrado1	0.6699364765359631	0.5028982856266506
2187	Leclercia	Castrado0 - Castrado1	0.3776478011454576	0.7056922495760507
219	WPS-2_genera_incertae_sedis	Castrado0 - Castrado1	-0.6325388908430657	0.5270348039397676
2195	Pantoea	Castrado0 - Castrado1	-0.7298599632221505	0.4654757871323251
2202	Proteus	Castrado0 - Castrado1	0.5185677556090106	0.6040621994711034
2210	Serratia	Castrado0 - Castrado1	0.5229914294484905	0.600980217468462
2213	Sodalis	Castrado0 - Castrado1	1.2405363678771588	0.2147770712842885
2218	Yersinia	Castrado0 - Castrado1	1.2405363678771588	0.2147770712842885
2220	unclassified_Enterobacteriaceae	Castrado0 - Castrado1	-0.01288054950755388	0.9897230925851958
2227	Lucibacterium	Castrado0 - Castrado1	-2.1745728457950686	0.02966214103035353
2230	Vibrio	Castrado0 - Castrado1	-0.2328303773151372	0.8158931233862141
2231	unclassified_Vibrionaceae	Castrado0 - Castrado1	-0.7768880789997995	0.43722480506571487
2232	Acidithiobacillus	Castrado0 - Castrado1	-0.2331438528475389	0.8156497033595349
2234	Aeromonas	Castrado0 - Castrado1	0.7330384320769006	0.4635349894289394
2252	Alteromonas	Castrado0 - Castrado1	-1.1351830290665499	0.25629863865879216
2256	Glaciecola	Castrado0 - Castrado1	-1.3637175334130849	0.1726564835764804
2259	Marinobacter	Castrado0 - Castrado1	-1.2087353915662666	0.2267645201509474
2273	Colwellia	Castrado0 - Castrado1	-0.6325388906895888	0.5270348040400215
2287	Psychrosphaera	Castrado0 - Castrado1	-0.48085251513761385	0.6306213233934423
2290	Shewanella	Castrado0 - Castrado1	1.0971146272480226	0.2725912867991426
23	Chlamydiae	Castrado0 - Castrado1	0.6006234915770188	0.5480907877740422
2304	Nitrosococcus	Castrado0 - Castrado1	-0.4808525156335531	0.6306213230409418
2338	Thiogranum	Castrado0 - Castrado1	-1.2276990421588987	0.21955996614731402
2352	Aquicella	Castrado0 - Castrado1	-2.7934916443180717	0.005214237607779755
2356	Legionella	Castrado0 - Castrado1	-0.018841694653780824	0.9849673921946388
2357	Methylobacter	Castrado0 - Castrado1	0.37764780080019666	0.7056922498325691
2359	Methylococcus	Castrado0 - Castrado1	-1.6802975942038003	0.0928994289210228
236	Methanobacteriales	Castrado0 - Castrado1	0.47613044165039564	0.6339814507762829
2366	Methyloparacoccus	Castrado0 - Castrado1	-0.8898659889476385	0.3735378482438028
2367	Methyloprofundus	Castrado0 - Castrado1	-1.3637175326868105	0.17265648380514897
2373	unclassified_Methylococcaceae	Castrado0 - Castrado1	-0.08197221005314885	0.9346688122308675
2376	Alcanivorax	Castrado0 - Castrado1	1.8144038362768409	0.06961557557358337
2378	Endozoicomonas	Castrado0 - Castrado1	0.8903055601430596	0.3733018363978405
2381	Kistimonas	Castrado0 - Castrado1	1.3377863566211228	0.1809660906231719
2388	Halomonas	Castrado0 - Castrado1	-0.2626676015758802	0.7928067903296179
2391	Kushneria	Castrado0 - Castrado1	0.7325713913988565	0.4638198852241896
2396	unclassified_Halomonadaceae	Castrado0 - Castrado1	-1.8364254193710368	0.06629476298109746
2413	Oceanospirillum	Castrado0 - Castrado1	0.41408997706553863	0.6788082128699369
2414	Oleibacter	Castrado0 - Castrado1	0.4304979566230397	0.6668334527910109
2420	Thalassolituus	Castrado0 - Castrado1	-1.1382861800290798	0.2550010028258444
2428	Gilliamella	Castrado0 - Castrado1	-1.245293687410246	0.21302381522493938
2431	Actinobacillus	Castrado0 - Castrado1	-0.2762632568355463	0.7823458749039631
2441	Haemophilus	Castrado0 - Castrado1	-0.5140545211431661	0.6072138727202387
245	Gp10	Castrado0 - Castrado1	-1.3637175369653152	0.17265648245805523
2454	unclassified_Pasteurellaceae	Castrado0 - Castrado1	0.12979616780517972	0.8967276949155457
2455	Acinetobacter	Castrado0 - Castrado1	-0.8665017439871951	0.3862150704004958
2457	Enhydrobacter	Castrado0 - Castrado1	0.09250484067867586	0.9262969454083079
2459	Moraxella	Castrado0 - Castrado1	-1.8923442936563493	0.058445122978326464
246	Gp11	Castrado0 - Castrado1	-1.3637175363792515	0.1726564826425783
2462	Psychrobacter	Castrado0 - Castrado1	0.7325713921567409	0.4638198847617994
2463	unclassified_Moraxellaceae	Castrado0 - Castrado1	-1.0530187636911168	0.29233239245935494
2469	Pseudomonas	Castrado0 - Castrado1	-0.6153094442167372	0.5383503817447568
2470	Rhizobacter	Castrado0 - Castrado1	-0.4808525149404291	0.6306213235335962
2471	Serpens	Castrado0 - Castrado1	-0.8771461553596511	0.38040725777397255
2473	unclassified_Pseudomonadaceae	Castrado0 - Castrado1	0.14305291663171685	0.8862483894806319
2479	Methylophaga	Castrado0 - Castrado1	0.09250484043459335	0.9262969456022261
2480	Piscirickettsia	Castrado0 - Castrado1	-1.4640168071371769	0.143189356180082
2487	Thiothrix	Castrado0 - Castrado1	-1.3637175346924961	0.17265648317365578
2489	Fangia	Castrado0 - Castrado1	-1.3637175329892732	0.17265648370991815
2496	Povalibacter	Castrado0 - Castrado1	1.339029584842293	0.1805610418732496
2499	unclassified_Sinobacteraceae	Castrado0 - Castrado1	-0.4808525148503428	0.6306213235976271
25	Chloroflexi	Castrado0 - Castrado1	0.027553977176020934	0.9780178886069054
2508	Ignatzschineria	Castrado0 - Castrado1	-0.5382270033844	0.5904203396045484
2509	Luteibacter	Castrado0 - Castrado1	-0.6325388906748995	0.5270348040496168
251	Gp16	Castrado0 - Castrado1	0.09250484033859556	0.9262969456784942
252	Gp17	Castrado0 - Castrado1	-0.4808525150779339	0.6306213234358613
2521	Stenotrophomonas	Castrado0 - Castrado1	-4.037283055121617	5.4073810781140667e-5
2522	Tahibacter	Castrado0 - Castrado1	1.6091710645105088	0.10757894160419869
2523	Thermomonas	Castrado0 - Castrado1	0.09250484034113156	0.9262969456764794
2524	Vulcaniibacterium	Castrado0 - Castrado1	-1.363717533632372	0.17265648350743754
2528	unclassified_Xanthomonadaceae	Castrado0 - Castrado1	-0.47679356109548526	0.6335091312371206
2532	Leptonema	Castrado0 - Castrado1	-1.0602354039392987	0.2890375181941412
2534	Turneriella	Castrado0 - Castrado1	-0.9759689614428155	0.32907984584165234
2538	Salinispira	Castrado0 - Castrado1	-0.48085251576093285	0.6306213229504035
2539	Sphaerochaeta	Castrado0 - Castrado1	0.7325713917497365	0.4638198850101155
2540	Spirochaeta	Castrado0 - Castrado1	-1.9788241879010289	0.04783580420467489
2541	Treponema	Castrado0 - Castrado1	-0.8202782459263518	0.4120575048566211
2542	unclassified_Spirochaetaceae	Castrado0 - Castrado1	-0.005776936453209382	0.9953906972329655
2558	unclassified_Synergistaceae	Castrado0 - Castrado1	0.09250484048980141	0.9262969455583644
2559	Acholeplasma	Castrado0 - Castrado1	-0.3389166247983434	0.7346725400944197
2560	Anaeroplasma	Castrado0 - Castrado1	0.2894844421978072	0.7722106838139269
2565	Spiroplasma	Castrado0 - Castrado1	-1.0530187635771893	0.2923323925115689
2567	Mycoplasma	Castrado0 - Castrado1	-0.3389166247509603	0.7346725401301158
2591	Opitutus	Castrado0 - Castrado1	-0.11021534962624444	0.9122385891953589
2596	Puniceicoccus	Castrado0 - Castrado1	0.43925742547424895	0.660475019420863
2597	unclassified_Puniceicoccaceae	Castrado0 - Castrado1	1.3005279845953361	0.19342007131561015
2599	Akkermansia	Castrado0 - Castrado1	0.047320237187308746	0.9622579992052634
2602	Luteolibacter	Castrado0 - Castrado1	-0.23099725006716434	0.8173169383927866
2604	Prosthecobacter	Castrado0 - Castrado1	-1.053018764922357	0.29233239189506877
2608	unclassified_Verrucomicrobiaceae	Castrado0 - Castrado1	-1.2379573189552147	0.21573188704525986
2609	Alicyclobacillus	Castrado0 - Castrado1	-1.3637175322006723	0.17265648395821037
261	Gp1	Castrado0 - Castrado1	0.07118083673221903	0.9432538327973546
2613	unclassified_Alicyclobacillaceae	Castrado0 - Castrado1	-1.3637175327618523	0.17265648378152199
2616	Anaerobacillus	Castrado0 - Castrado1	1.4690520933087008	0.14181866026626191
2617	Anoxybacillus	Castrado0 - Castrado1	-0.2809121501036698	0.7787777813063448
2618	Bacillus	Castrado0 - Castrado1	0.700271274717474	0.48375790733722795
2621	Falsibacillus	Castrado0 - Castrado1	0.5357059285512629	0.5921618056229065
2622	Fictibacillus	Castrado0 - Castrado1	0.0925048405397188	0.9262969455187061
2623	Geobacillus	Castrado0 - Castrado1	0.965293732743659	0.3343977100026619
2626	unclassified_Bacillaceae 1	Castrado0 - Castrado1	-0.0022678086725061953	0.9981905520243378
2638	Halobacillus	Castrado0 - Castrado1	1.3216948511572721	0.18626978388854049
265	unclassified_Acidobacteria_Gp1	Castrado0 - Castrado1	1.6091710577782237	0.10757894307588303
2668	unclassified_Bacillaceae 2	Castrado0 - Castrado1	0.15633793607740012	0.8757666552948026
267	Gp21	Castrado0 - Castrado1	-0.5382270034567173	0.5904203395546282
2670	Gemella	Castrado0 - Castrado1	-1.3292261507639187	0.18377336993461857
2671	Exiguobacterium	Castrado0 - Castrado1	-0.10982105962904512	0.9125512888970045
2672	Caldalkalibacillus	Castrado0 - Castrado1	1.6091710636268481	0.10757894179736778
2679	Listeria	Castrado0 - Castrado1	-1.3637175371722863	0.1726564823928901
2681	Brevibacillus	Castrado0 - Castrado1	0.9146189982135381	0.3603916815603632
2682	Cohnella	Castrado0 - Castrado1	-0.12541462545455478	0.9001953100935415
2683	Fontibacillus	Castrado0 - Castrado1	0.7325713921052368	0.46381988479322245
2684	Paenibacillus	Castrado0 - Castrado1	-0.02411616812793818	0.9807599467720984
2687	unclassified_Paenibacillaceae 1	Castrado0 - Castrado1	-1.9389705880722847	0.05250491964222106
2689	Aneurinibacillus	Castrado0 - Castrado1	0.09250484064480875	0.9262969454352146
269	Gp23	Castrado0 - Castrado1	0.40313972069375487	0.6868454413468122
2694	Chryseomicrobium	Castrado0 - Castrado1	-0.11445269428834642	0.9088789443871441
2698	Kurthia	Castrado0 - Castrado1	-1.8021643922874966	0.07151954512974656
2699	Lysinibacillus	Castrado0 - Castrado1	1.1439367770063404	0.2526498575864089
27	Deferribacteres	Castrado0 - Castrado1	0.026979785212991894	0.9784758572253092
2700	Paenisporosarcina	Castrado0 - Castrado1	0.09250484061295006	0.9262969454605255
2705	Rummeliibacillus	Castrado0 - Castrado1	0.14664609508340068	0.8834113683489584
2706	Solibacillus	Castrado0 - Castrado1	-1.3637175363792515	0.1726564826425783
2707	Sporosarcina	Castrado0 - Castrado1	0.1466460951299822	0.8834113683121891
2708	Ureibacillus	Castrado0 - Castrado1	-1.0602354047664344	0.2890375178179387
2710	unclassified_Planococcaceae	Castrado0 - Castrado1	0.13569036287586134	0.8920660665661321
2719	Salinicoccus	Castrado0 - Castrado1	0.09250484088861922	0.9262969452415124
2720	Staphylococcus	Castrado0 - Castrado1	-1.7728978061648288	0.07624564227093579
2721	unclassified_Staphylococcaceae	Castrado0 - Castrado1	0.0925048404730912	0.9262969455716403
2734	unclassified_Thermoactinomycetaceae 1	Castrado0 - Castrado1	-1.3637175334407687	0.1726564835677641
2740	Aerococcus	Castrado0 - Castrado1	0.7952423291894345	0.4264725533236726
2743	Facklamia	Castrado0 - Castrado1	2.2187781170568757	0.02650182346998212
2744	Globicatella	Castrado0 - Castrado1	-1.2452936877501575	0.21302381510003907
2747	Alkalibacterium	Castrado0 - Castrado1	-1.3637175334407687	0.1726564835677641
2749	Alloiococcus	Castrado0 - Castrado1	0.20492824543168126	0.8376281868458597
275	Gp2	Castrado0 - Castrado1	0.7113321203220303	0.4768784517412347
2752	Atopostipes	Castrado0 - Castrado1	-1.716814545963277	0.08601306234301065
2754	Catellicoccus	Castrado0 - Castrado1	1.6091710636268481	0.10757894179736778
2756	Dolosigranulum	Castrado0 - Castrado1	-0.4010419312345664	0.6883892524927433
2757	Granulicatella	Castrado0 - Castrado1	-2.714732758247291	0.006632927131953225
2759	Jeotgalibaca	Castrado0 - Castrado1	-0.08197220998363013	0.9346688122861493
2763	Trichococcus	Castrado0 - Castrado1	0.2784860923391787	0.7806392396624356
2764	unclassified_Carnobacteriaceae	Castrado0 - Castrado1	-0.37258042002461733	0.7094607477883831
2766	Enterococcus	Castrado0 - Castrado1	0.03295645603349794	0.973709311813625
2768	Pilibacter	Castrado0 - Castrado1	0.09250484055010848	0.9262969455104518
2772	Lactobacillus	Castrado0 - Castrado1	0.23249841734609566	0.8161509163169414
2773	Pediococcus	Castrado0 - Castrado1	-0.37667544003040465	0.706414816773528
2775	Fructobacillus	Castrado0 - Castrado1	0.3496024404121214	0.7266370791950498
2776	Leuconostoc	Castrado0 - Castrado1	0.10716226293991564	0.9146602527963502
2778	Weissella	Castrado0 - Castrado1	0.38220220349299733	0.7023113875365881
278	Gp3	Castrado0 - Castrado1	-0.6355052898146286	0.5250989178053145
2780	Lactococcus	Castrado0 - Castrado1	0.294576509818699	0.7683174087580746
2781	Lactovum	Castrado0 - Castrado1	0.09250484065203891	0.9262969454294703
2782	Streptococcus	Castrado0 - Castrado1	0.5277660186347518	0.5976617452767927
2783	unclassified_Streptococcaceae	Castrado0 - Castrado1	-1.3439198834015045	0.17897429556972974
2784	Catabacter	Castrado0 - Castrado1	-0.8758350816980341	0.38111969542295077
2785	Christensenella	Castrado0 - Castrado1	-1.1253533061577985	0.2604393493789949
2786	Anaerobacter	Castrado0 - Castrado1	-0.30623672092228754	0.759424415324844
2788	Clostridium sensu stricto	Castrado0 - Castrado1	-0.7050236969181765	0.4807954892644881
279	Paludibaculum	Castrado0 - Castrado1	0.09250484062776008	0.9262969454487593
2790	Fonticella	Castrado0 - Castrado1	0.09250484065966744	0.9262969454234096
2792	Oceanirhabdus	Castrado0 - Castrado1	-1.3637175333727507	0.17265648358917968
2794	Proteiniclasticum	Castrado0 - Castrado1	-2.1745728432760876	0.029662141219294554
2795	Thermobrachium	Castrado0 - Castrado1	0.40313972079175453	0.6868454412747225
2797	unclassified_Clostridiaceae 1	Castrado0 - Castrado1	-0.36026557526590763	0.7186485402430733
28	Deinococcus-Thermus	Castrado0 - Castrado1	-0.33614286575362556	0.7367631349699493
280	unclassified_Acidobacteria_Gp3	Castrado0 - Castrado1	-0.23325685584201386	0.8155619586331504
281	Aridibacter	Castrado0 - Castrado1	0.8531557352929329	0.39357294672156556
2815	unclassified_Clostridiaceae 4	Castrado0 - Castrado1	-1.3637175363792515	0.1726564826425783
2817	Caldicellulosiruptor	Castrado0 - Castrado1	1.1419164854852684	0.2534887354772645
2827	Anaerococcus	Castrado0 - Castrado1	-0.4376735216794548	0.6616229664248976
2829	Clostridium XII	Castrado0 - Castrado1	0.5088965225496335	0.6108247575910473
283	Gp4	Castrado0 - Castrado1	0.35856593406092374	0.7199198349978391
2832	Finegoldia	Castrado0 - Castrado1	-0.967322448446442	0.3333828649867695
2834	Helcococcus	Castrado0 - Castrado1	0.14664609518081023	0.883411368272068
2836	Parvimonas	Castrado0 - Castrado1	-0.5849297741637618	0.5585949374929026
2837	Sedimentibacter	Castrado0 - Castrado1	0.874743398560938	0.3817135407869496
2839	Sporanaerobacter	Castrado0 - Castrado1	-1.3637175332578895	0.17265648362534392
2841	Tissierella	Castrado0 - Castrado1	0.09250484062777227	0.9262969454487496
2842	unclassified_Clostridiales_Incertae Sedis XI	Castrado0 - Castrado1	0.4031397206489103	0.6868454413798005
2844	Fusibacter	Castrado0 - Castrado1	-1.8364254172562111	0.06629476329362956
2845	Guggenheimella	Castrado0 - Castrado1	0.7325713914397715	0.46381988519922723
2847	Anaerovorax	Castrado0 - Castrado1	-0.6257692128556803	0.5314663282118933
2848	Mogibacterium	Castrado0 - Castrado1	-1.0976004963054462	0.27237897605014505
285	unclassified_Acidobacteria_Gp4	Castrado0 - Castrado1	-0.9759689640670833	0.3290798445411472
2852	Sulfobacillus	Castrado0 - Castrado1	0.42198097545559204	0.6730389037194329
2856	Defluviitalea	Castrado0 - Castrado1	0.1938719243627458	0.846276167699529
2857	Acetobacterium	Castrado0 - Castrado1	-0.3971139946786853	0.6912834004002097
2859	Alkalibaculum	Castrado0 - Castrado1	-1.3637175369653152	0.17265648245805523
286	Gp5	Castrado0 - Castrado1	-0.06426743682334132	0.9487572814846312
2860	Anaerofustis	Castrado0 - Castrado1	-1.4278226868653472	0.1533429011192272
2861	Eubacterium	Castrado0 - Castrado1	-0.30755469470815167	0.7584211985213902
2863	Pseudoramibacter	Castrado0 - Castrado1	-1.6802975942357974	0.09289942891480042
2864	unclassified_Eubacteriaceae	Castrado0 - Castrado1	-0.48085251515155186	0.6306213233835356
2865	Gracilibacter	Castrado0 - Castrado1	-1.8364254213740092	0.06629476268509521
287	Gp6	Castrado0 - Castrado1	-3.2172878980354307	0.0012940867111053559
2871	Heliorestis	Castrado0 - Castrado1	0.09250484067509326	0.9262969454111541
2872	Hydrogenispora	Castrado0 - Castrado1	-0.2980268480950806	0.7656826723825338
2874	Acetatifactor	Castrado0 - Castrado1	0.669343068919988	0.5032766590002306
2876	Anaerosporobacter	Castrado0 - Castrado1	0.08682163440461765	0.93081329078876
2877	Anaerostipes	Castrado0 - Castrado1	0.4648278908619535	0.6420547127746781
2878	Blautia	Castrado0 - Castrado1	-0.09315684887104464	0.925778954871307
2879	Butyrivibrio	Castrado0 - Castrado1	2.018055203968669	0.0435855123266692
288	Gp7	Castrado0 - Castrado1	-0.12541462548995852	0.9001953100655147
2881	Cellulosilyticum	Castrado0 - Castrado1	0.3280709438845807	0.7428580226685395
2882	Clostridium XlVa	Castrado0 - Castrado1	0.7329336103464461	0.4635989224184257
2883	Clostridium XlVb	Castrado0 - Castrado1	0.12269647822066156	0.90234745276764206
2884	Coprococcus	Castrado0 - Castrado1	-0.4720029964968495	0.6369246497574883
2885	Dorea	Castrado0 - Castrado1	0.8509053027693781	0.3948219589445095
2886	Eisenbergiella	Castrado0 - Castrado1	1.2261415395235462	0.2201454162402828
2887	Fusicatenibacter	Castrado0 - Castrado1	-0.351534481387634	0.725187408632364
2890	Hungatella	Castrado0 - Castrado1	1.7434099555470994	0.08126203053117176
2891	Johnsonella	Castrado0 - Castrado1	0.8747433976501755	0.38171354128261586
2892	Lachnoanaerobaculum	Castrado0 - Castrado1	0.37764780087692373	0.7056922497755631
2895	Lachnospiracea_incertae_sedis	Castrado0 - Castrado1	-0.4143609003739741	0.67860981924263
2898	Mobilitalea	Castrado0 - Castrado1	0.7325713917715372	0.46381988499681476
2901	Oribacterium	Castrado0 - Castrado1	-0.272752048201462	0.7850438223132878
2903	Pseudobutyrivibrio	Castrado0 - Castrado1	1.5287771041293385	0.12631971021622482
2905	Roseburia	Castrado0 - Castrado1	0.5969049300666773	0.550570855553959
2906	Ruminococcus2	Castrado0 - Castrado1	0.47249418136946747	0.6365740939717572
291	Holophagales	Castrado0 - Castrado1	-1.356596929072766	0.17490931806797902
2911	unclassified_Lachnospiraceae	Castrado0 - Castrado1	0.4939602403695887	0.6213342593441831
2912	Dehalobacter	Castrado0 - Castrado1	-1.4798334225884933	0.13891770676177936
2916	Desulfonispora	Castrado0 - Castrado1	0.7325713935738439	0.46381988389721585
2917	Desulfosporosinus	Castrado0 - Castrado1	-0.20441465841398426	0.838029476264891
2920	Thermincola	Castrado0 - Castrado1	1.020826628122706	0.3073365861392919
2921	unclassified_Peptococcaceae 1	Castrado0 - Castrado1	-2.813960655004308	0.004893521734201498
2922	Cryptanaerobacter	Castrado0 - Castrado1	0.09250484048392393	0.926296945563034
2923	Desulfotomaculum	Castrado0 - Castrado1	-0.125414625568127	0.9001953100036338
2927	unclassified_Peptococcaceae 2	Castrado0 - Castrado1	0.7325713911784965	0.4638198853586328
2929	Peptoniphilus	Castrado0 - Castrado1	0.6651056839712222	0.5059828994116001
293	Acidimicrobidae	Castrado0 - Castrado1	-0.768828250356981	0.4419952757793398
2931	Acetoanaerobium	Castrado0 - Castrado1	-1.4200590562348419	0.1555904888350852
2932	Asaccharospora	Castrado0 - Castrado1	0.04040540672533414	0.9677699198275422
2933	Clostridium XI	Castrado0 - Castrado1	-0.29248740434161496	0.7699139889300138
2934	Filifactor	Castrado0 - Castrado1	-0.2044146584774233	0.8380294762153206
2935	Intestinibacter	Castrado0 - Castrado1	-1.0602484555906644	0.28903158200814055
2937	Peptostreptococcus	Castrado0 - Castrado1	-1.3490539992227164	0.17731962218195704
2938	Proteocatella	Castrado0 - Castrado1	-1.836425419867895	0.06629476290767099
2939	Romboutsia	Castrado0 - Castrado1	-0.16104494315678455	0.8720580030756585
294	Actinobacteridae	Castrado0 - Castrado1	-0.5533142522815694	0.5800482434093831
2940	Sporacetigenium	Castrado0 - Castrado1	0.2771854265889979	0.7816377292808058
2942	Terrisporobacter	Castrado0 - Castrado1	0.16508434661430252	0.8688775935555734
2943	unclassified_Peptostreptococcaceae	Castrado0 - Castrado1	0.1939733150648285	0.8461967765379254
2947	Anaerobacterium	Castrado0 - Castrado1	0.77728100452882265	0.4369929995901378
2949	Anaerotruncus	Castrado0 - Castrado1	0.5106107647793997	0.6096236365728415
295	Coriobacteridae	Castrado0 - Castrado1	-0.7137757807624739	0.47536583808256855
2950	Butyricicoccus	Castrado0 - Castrado1	-0.4673414928299745	0.6402555746281235
2952	Clostridium III	Castrado0 - Castrado1	1.497385644346467	0.13429294146944165
2953	Clostridium IV	Castrado0 - Castrado1	-0.8589979511642103	0.3903416463708313
2954	Ercella	Castrado0 - Castrado1	-1.477898301488975	0.13943500103211517
2955	Ethanoligenens	Castrado0 - Castrado1	0.4722438556743439	0.6367527398032766
2956	Faecalibacterium	Castrado0 - Castrado1	-0.7265185050793195	0.46752096738736604
2957	Fastidiosipila	Castrado0 - Castrado1	-0.15826996803997673	0.8742440718780398
2958	Flavonifractor	Castrado0 - Castrado1	-1.6601046258024887	0.09689340650212966
2959	Gemmiger	Castrado0 - Castrado1	-0.9885008800498817	0.3229074036582358
296	Nitriliruptoridae	Castrado0 - Castrado1	-1.3637175369653152	0.17265648245805523
2961	Intestinimonas	Castrado0 - Castrado1	-1.8743307585259479	0.06088485057060079
2962	Oscillibacter	Castrado0 - Castrado1	0.2491642882164925	0.8032337022802756
2963	Papillibacter	Castrado0 - Castrado1	0.20093578819011518	0.8407487834417975
2964	Pseudobacteroides	Castrado0 - Castrado1	1.3216948501294985	0.1862697842309202
2965	Pseudoflavonifractor	Castrado0 - Castrado1	-1.1508874546099976	0.24977853959568186
2966	Ruminococcus	Castrado0 - Castrado1	0.7890193401747803	0.43010070288989155
2967	Saccharofermentans	Castrado0 - Castrado1	-1.7896091725984555	0.07351676287645781
2968	Sporobacter	Castrado0 - Castrado1	-0.47815941396716805	0.632536747015394
2969	Subdoligranulum	Castrado0 - Castrado1	-0.4126168752183168	0.6798873354906505
297	Rubrobacteridae	Castrado0 - Castrado1	-0.021951163448051397	0.9824869120617771
2970	unclassified_Ruminococcaceae	Castrado0 - Castrado1	-0.47374429912557964	0.6356822593446099
2972	Syntrophomonas	Castrado0 - Castrado1	0.27230283413032275	0.7853891772132187
2974	Thermohydrogenium	Castrado0 - Castrado1	0.7325713908777088	0.4638198855421452
2979	Halocella	Castrado0 - Castrado1	0.09250484072258636	0.9262969453734219
298	unclassified_Actinobacteria	Castrado0 - Castrado1	-0.8685260547143481	0.38510641527367334
2984	Halanaerobacter	Castrado0 - Castrado1	-0.08197221004234687	0.9346688122394573
299	Thermoleophilales	Castrado0 - Castrado1	-0.76756259562803	0.44274709158570635
2992	unclassified_Halobacteroidaceae	Castrado0 - Castrado1	0.7325713920247863	0.46381988484230585
30	Elusimicrobia	Castrado0 - Castrado1	-0.6634314594304676	0.5070542630995684
300	Aquificales	Castrado0 - Castrado1	-0.48085251525094697	0.6306213233128881
3007	Moorella	Castrado0 - Castrado1	-0.23099725013722705	0.8173169383383564
3009	Thermacetogenium	Castrado0 - Castrado1	-1.6802975937731168	0.09289942900477666
3013	Coprothermobacter	Castrado0 - Castrado1	1.3216948506645363	0.18626978405268432
3015	Allobaculum	Castrado0 - Castrado1	-0.9422013471960727	0.3460895643239884
3016	Bulleidia	Castrado0 - Castrado1	0.7325713921052368	0.46381988479322245
3017	Catenibacterium	Castrado0 - Castrado1	-0.7333224360689395	0.46336179407587524
3019	Clostridium XVIII	Castrado0 - Castrado1	-0.5294905950822022	0.5964651669406732
3020	Coprobacillus	Castrado0 - Castrado1	-0.6853261233818541	0.4931381507307022
3023	Erysipelotrichaceae_incertae_sedis	Castrado0 - Castrado1	-1.0836757136908193	0.27850860743232503
3026	Holdemanella	Castrado0 - Castrado1	-1.6358886733649471	0.10186288895467598
3028	Kandleria	Castrado0 - Castrado1	-3.0772616577227683	0.002089118312812515
303	Armatimonadales	Castrado0 - Castrado1	-0.4808525151702094	0.6306213233702743
3030	Solobacterium	Castrado0 - Castrado1	-0.9195918478341932	0.35778608841236903
3031	Turicibacter	Castrado0 - Castrado1	-0.9581391109396954	0.3379926158580462
3032	unclassified_Erysipelotrichaceae	Castrado0 - Castrado1	-1.1968231936832197	0.2313754760193609
3033	Acidaminococcus	Castrado0 - Castrado1	-0.6155546008615311	0.5381885223974897
3034	Phascolarctobacterium	Castrado0 - Castrado1	0.09250484051942078	0.9262969455348325
3035	Succiniclasticum	Castrado0 - Castrado1	-0.480852515759056	0.6306213229517375
304	Chthonomonadales	Castrado0 - Castrado1	0.7113321217210148	0.4768784508745165
3050	Dialister	Castrado0 - Castrado1	-0.957284595530673	0.33842362839731427
3051	Megamonas	Castrado0 - Castrado1	-0.48085251608964763	0.6306213227167616
3054	Negativicoccus	Castrado0 - Castrado1	-1.3637175338857708	0.17265648342765452
3055	Pectinatus	Castrado0 - Castrado1	-1.3637175364498029	0.17265648262036512
3059	Schwartzia	Castrado0 - Castrado1	0.09250484043009324	0.9262969456058012
3060	Selenomonas	Castrado0 - Castrado1	-1.0530187629817658	0.2923323927844558
3061	Sporolituus	Castrado0 - Castrado1	0.8903055606757606	0.37330183611188195
3064	Veillonella	Castrado0 - Castrado1	-0.405623474418221	0.6850192780469636
3065	unclassified_Veillonellaceae	Castrado0 - Castrado1	-1.280136368562226	0.20049717997206948
3067	Ignavibacterium	Castrado0 - Castrado1	1.3377863566889698	0.18096609060104854
3068	Melioribacter	Castrado0 - Castrado1	-0.20441465840224723	0.8380294762740623
307	Bacteroidales	Castrado0 - Castrado1	0.6765444849011377	0.4986950123123458
3072	Nitrospira	Castrado0 - Castrado1	0.14664609503024248	0.8834113683909188
3075	Acidimicrobineae_incertae_sedis	Castrado0 - Castrado1	-0.9838475441374677	0.3251904786095385
3076	Acidimicrobiaceae	Castrado0 - Castrado1	-0.5611702759874087	0.5746814639925563
3077	Iamiaceae	Castrado0 - Castrado1	-1.752406112368113	0.0797040011643965
3078	unclassified_Acidimicrobineae	Castrado0 - Castrado1	0.4531596568023666	0.650433780339752
3079	Actinomycetaceae	Castrado0 - Castrado1	0.6522904592126297	0.5142138136704606
308	Cytophagales	Castrado0 - Castrado1	0.4218838115946315	0.6731098266651554
3083	Corynebacteriaceae	Castrado0 - Castrado1	0.41816940842222766	0.675823260713349
3085	Dietziaceae	Castrado0 - Castrado1	0.09250484056456479	0.9262969454989666
3086	Mycobacteriaceae	Castrado0 - Castrado1	-0.382765994672647	0.7018932771304717
3087	Nocardiaceae	Castrado0 - Castrado1	-0.7905304612484947	0.4292180398655097
309	Flavobacteriales	Castrado0 - Castrado1	0.8895687217540974	0.37369750744264446
3092	Cryptosporangiaceae	Castrado0 - Castrado1	0.3061359057294801	0.759501170643638
3093	Geodermatophilaceae	Castrado0 - Castrado1	-1.8379574831516288	0.06606867060782938
31	Fibrobacteres	Castrado0 - Castrado1	-0.6565369094152235	0.5114787274228714
310	Sphingobacteriales	Castrado0 - Castrado1	0.20092882497978484	0.8407542282491427
3100	Kineosporiaceae	Castrado0 - Castrado1	0.146646095141135	0.8834113683033857
3101	Beutenbergiaceae	Castrado0 - Castrado1	-1.3637175326868105	0.17265648380514897
3103	Brevibacteriaceae	Castrado0 - Castrado1	0.17813889645754674	0.858613895579862
3105	Demequinaceae	Castrado0 - Castrado1	-1.2452936877501575	0.21302381510003907
3106	Dermabacteraceae	Castrado0 - Castrado1	0.34960244041448635	0.7266370791932748
3107	Dermacoccaceae	Castrado0 - Castrado1	1.9677832104679949	0.0490929867904542
3109	Intrasporangiaceae	Castrado0 - Castrado1	1.447697705058709	0.1477016120572866
3111	Microbacteriaceae	Castrado0 - Castrado1	-1.3927429669458797	0.16369753052005423
3112	Micrococcaceae	Castrado0 - Castrado1	1.1287281664129276	0.25901252354219884
3113	Micrococcineae_incertae_sedis	Castrado0 - Castrado1	0.13569036276723875	0.8920660666520062
3114	Promicromonosporaceae	Castrado0 - Castrado1	0.7292386119615399	0.46585571602755405
3118	unclassified_Micrococcineae	Castrado0 - Castrado1	-1.624446739184676	0.1042804987315225
3119	Micromonosporaceae	Castrado0 - Castrado1	-0.7358094897796347	0.4618466451835126
312	Chlamydiales	Castrado0 - Castrado1	0.8624631964543199	0.38843267723234953
3120	Nocardioidaceae	Castrado0 - Castrado1	1.1629981740981314	0.24483024324007718
3121	Propionibacteriaceae	Castrado0 - Castrado1	-1.2303600682334028	0.2185622996555255
3123	Pseudonocardiaceae	Castrado0 - Castrado1	-0.37449905519689086	0.7080330593880153
3124	Streptomycetaceae	Castrado0 - Castrado1	1.0798175674326695	0.2802234266795136
3126	Nocardiopsaceae	Castrado0 - Castrado1	-1.0530187629817658	0.2923323927844558
3127	Streptosporangiaceae	Castrado0 - Castrado1	0.7325713909843706	0.46381988547707026
3129	Thermomonosporaceae	Castrado0 - Castrado1	0.06136800670004291	0.951066131274006
313	Chlorobiales	Castrado0 - Castrado1	0.35764631206374176	0.7206080156174153
3130	unclassified_Streptosporangineae	Castrado0 - Castrado1	-1.3637175338230991	0.1726564834473868
3133	Bifidobacterium	Castrado0 - Castrado1	-1.3302782035762353	0.18342662590175163
3135	Gardnerella	Castrado0 - Castrado1	-0.23099725010407385	0.8173169383641125
3139	unclassified_Bifidobacteriaceae	Castrado0 - Castrado1	-2.286520819314562	0.022223807568112732
314	Dehalogenimonas	Castrado0 - Castrado1	1.321694850675015	0.18626978404919362
3140	Coriobacteriaceae	Castrado0 - Castrado1	-0.7695319602327708	0.44157757899010347
3141	Euzebya	Castrado0 - Castrado1	-1.3637175333727507	0.17265648358917968
3143	Gaiella	Castrado0 - Castrado1	0.12168813613067354	0.9031460094025013
3144	Rubrobacteraceae	Castrado0 - Castrado1	-1.0989779952019065	0.27177766414918453
3145	Conexibacter	Castrado0 - Castrado1	0.12257927015951657	0.9024402706462432
315	Anaerolineales	Castrado0 - Castrado1	-0.7340769122079311	0.46290186390143356
3150	Roseiflexus	Castrado0 - Castrado1	0.6381180356020334	0.5233968470084647
3153	Sphaerobacteraceae	Castrado0 - Castrado1	-0.3542066205220259	0.723184042364529
3154	Anaeromyxobacter	Castrado0 - Castrado1	0.09250484073870162	0.9262969453606187
317	Caldilineales	Castrado0 - Castrado1	-0.656536909532566	0.5114787273473975
3174	unclassified_Nannocystaceae	Castrado0 - Castrado1	-1.8364254177128676	0.06629476322614417
318	Chloroflexales	Castrado0 - Castrado1	0.311981494443461	0.7550545872244516
3181	Polyangium	Castrado0 - Castrado1	-0.735809490047945	0.46184664502020334
3183	unclassified_Polyangiaceae	Castrado0 - Castrado1	-0.5715815310791629	0.567605510604144
3184	Aciditerrimonas	Castrado0 - Castrado1	-0.15002912738249288	0.880741635009006
3188	Ilumatobacter	Castrado0 - Castrado1	-1.4609679860499147	0.14402422728662692
3189	unclassified_Acidimicrobiaceae	Castrado0 - Castrado1	-1.6802975955340969	0.09289942866232366
319	Herpetosiphonales	Castrado0 - Castrado1	0.1466460951124581	0.8834113683260219
3190	Aquihabitans	Castrado0 - Castrado1	-0.48085251544147145	0.6306213231774683
3191	Iamia	Castrado0 - Castrado1	0.14664609503082965	0.8834113683904554
3192	unclassified_Iamiaceae	Castrado0 - Castrado1	-1.8616648911911018	0.06265034029179141
3194	Actinomyces	Castrado0 - Castrado1	-1.9378258623439686	0.052644471365239726
3198	Mobiluncus	Castrado0 - Castrado1	-1.3637175364498029	0.17265648262036512
32	Fusobacteria	Castrado0 - Castrado1	0.6256012126441225	0.5315765431996571
3200	Varibaculum	Castrado0 - Castrado1	-1.3637175369653152	0.17265648245805523
3207	Corynebacterium	Castrado0 - Castrado1	1.1348357735394559	0.25644413433604174
3209	unclassified_Corynebacteriaceae	Castrado0 - Castrado1	-0.975968963011482	0.3290798450642703
3214	Mycobacterium	Castrado0 - Castrado1	-0.0996455559846794	0.920625725336685
3216	Gordonia	Castrado0 - Castrado1	0.09250484068346879	0.9262969454045
3219	Rhodococcus	Castrado0 - Castrado1	-1.793182772986151	0.07294370372892986
3223	unclassified_Nocardiaceae	Castrado0 - Castrado1	0.09250484071646892	0.9262969453782821
323	Ktedonobacterales	Castrado0 - Castrado1	-1.2134668480340571	0.2249513818750637
3231	Blastococcus	Castrado0 - Castrado1	0.13569036280201502	0.892066066624513
3233	Modestobacter	Castrado0 - Castrado1	-0.8223874750733257	0.4108564054606096
3254	unclassified_Beutenbergiaceae	Castrado0 - Castrado1	-1.8364254225303112	0.06629476251421518
3259	Brevibacterium	Castrado0 - Castrado1	-0.052303445415607094	0.9582869080320849
3263	Cellulomonas	Castrado0 - Castrado1	-0.20441465855054655	0.838029476158183
327	Sphaerobacteridae	Castrado0 - Castrado1	-0.07482151393010934	0.9403567241544554
3272	Brachybacterium	Castrado0 - Castrado1	0.09250484064480875	0.9262969454352146
3276	unclassified_Dermabacteraceae	Castrado0 - Castrado1	-0.4808525156335531	0.6306213230409418
3287	unclassified_Dermacoccaceae	Castrado0 - Castrado1	-0.4808525147273004	0.6306213236850824
33	Gemmatimonadetes	Castrado0 - Castrado1	-1.233778873160665	0.2172853139759843
330	Chrysiogenales	Castrado0 - Castrado1	-0.4808525147186983	0.6306213236911966
3300	Janibacter	Castrado0 - Castrado1	1.3216948507997326	0.18626978400764677
331	Deferribacterales	Castrado0 - Castrado1	-0.524839046109756	0.5996950854215715
332	Deinococcales	Castrado0 - Castrado1	-1.0530187636410142	0.2923323924823174
3327	Curtobacterium	Castrado0 - Castrado1	-0.3493381065158488	0.726835493436029
333	Thermales	Castrado0 - Castrado1	-0.48085251519730843	0.6306213233510131
3344	Leucobacter	Castrado0 - Castrado1	-0.48085251512592136	0.6306213234017531
3347	Microbacterium	Castrado0 - Castrado1	-1.0007914638938227	0.31692763725337475
3352	Okibacterium	Castrado0 - Castrado1	-0.6834258779261755	0.494337772574859
336	Elusimicrobiales	Castrado0 - Castrado1	0.732571391393748	0.46381988522730644
3366	unclassified_Microbacteriaceae	Castrado0 - Castrado1	-0.5394760887254969	0.5895583916061066
3368	Arthrobacter	Castrado0 - Castrado1	0.449416396761216	0.6531313052194984
3371	Enteractinococcus	Castrado0 - Castrado1	1.3377863566211228	0.1809660906231719
3373	Kocuria	Castrado0 - Castrado1	0.5129034012169345	0.608018894136636
3374	Micrococcus	Castrado0 - Castrado1	-0.5305002104583455	0.595765163132734
3375	Nesterenkonia	Castrado0 - Castrado1	0.8757831637573555	0.38114792449147755
3377	Rothia	Castrado0 - Castrado1	1.3232545816450298	0.1857507301830645
3378	Sinomonas	Castrado0 - Castrado1	1.6091710606285148	0.10757894245280651
3382	unclassified_Micrococcaceae	Castrado0 - Castrado1	0.9491383238112735	0.3425502650941301
3383	Luteimicrobium	Castrado0 - Castrado1	0.6047907209958701	0.5453180597946334
3384	Cellulosimicrobium	Castrado0 - Castrado1	1.768450380848846	0.07698564040264673
339	Chitinivibrionales	Castrado0 - Castrado1	0.14664609490634664	0.8834113684887162
3397	Actinoplanes	Castrado0 - Castrado1	0.14664609504283202	0.8834113683809813
34	Lentisphaerae	Castrado0 - Castrado1	-0.6572120474185676	0.5110445801930747
340	Fusobacteriales	Castrado0 - Castrado1	0.5517405066735217	0.5811261532559793
341	Gemmatimonadales	Castrado0 - Castrado1	-1.015391011644424	0.3099194759386615
342	Lentisphaerales	Castrado0 - Castrado1	1.3216948518318166	0.18626978366383123
3424	unclassified_Micromonosporaceae	Castrado0 - Castrado1	0.1466460951320492	0.8834113683105576
3429	Marmoricola	Castrado0 - Castrado1	0.09250484069722091	0.9262969453935742
343	Victivallales	Castrado0 - Castrado1	0.69295954435020235	0.4883349402130124
3431	Nocardioides	Castrado0 - Castrado1	0.3576463118119217	0.7206080158058907
3433	unclassified_Nocardioidaceae	Castrado0 - Castrado1	0.09250484077204651	0.9262969453341269
3441	Microlunatus	Castrado0 - Castrado1	-0.338916624954395	0.7346725399768581
3444	Propionibacterium	Castrado0 - Castrado1	-1.006859163370464	0.3140024585812784
3447	Propionicimonas	Castrado0 - Castrado1	-1.3637175318295196	0.17265648407506837
345	Oligosphaerales	Castrado0 - Castrado1	-0.9759689621751775	0.3290798454787167
3451	unclassified_Propionibacteriaceae	Castrado0 - Castrado1	-1.3637175326868105	0.17265648380514897
346	Phycisphaerales	Castrado0 - Castrado1	-1.0319386827203794	0.3021008431393945
3466	Lechevalieria	Castrado0 - Castrado1	0.14664609507051676	0.8834113683591283
3470	Pseudonocardia	Castrado0 - Castrado1	-1.0211889119519633	0.30716494460867516
348	unclassified_Phycisphaerae	Castrado0 - Castrado1	0.15089926835292578	0.8800551776479841
3484	Streptomyces	Castrado0 - Castrado1	1.1053918139922947	0.2689898492958957
3485	unclassified_Streptomycetaceae	Castrado0 - Castrado1	0.7325713921567409	0.4638198847617994
3486	Allosalinactinospora	Castrado0 - Castrado1	-1.3637175363792515	0.1726564826425783
349	Candidatus Brocadiales	Castrado0 - Castrado1	-0.48085251515155186	0.6306213233835356
3495	unclassified_Nocardiopsaceae	Castrado0 - Castrado1	1.6091710606285148	0.10757894245280651
35	Planctomycetes	Castrado0 - Castrado1	-0.9036972658788021	0.3661559492994084
350	Planctomycetales	Castrado0 - Castrado1	-0.7775312300839946	0.43684541651440967
351	unclassified_Planctomycetia	Castrado0 - Castrado1	-0.4808525147842599	0.6306213236445972
3513	Actinomadura	Castrado0 - Castrado1	-0.9759689633866243	0.3290798448783614
3517	Adlercreutzia	Castrado0 - Castrado1	0.5076583867711689	0.6116929364372192
3519	Atopobium	Castrado0 - Castrado1	-0.6444585215249784	0.5192781463372573
352	Mariprofundales	Castrado0 - Castrado1	-2.712027577900652	0.0066873028926839155
3520	Collinsella	Castrado0 - Castrado1	-0.3169557056526469	0.7512772124083215
3522	Cryptobacterium	Castrado0 - Castrado1	-1.6802975928386086	0.09289942918650793
3524	Eggerthella	Castrado0 - Castrado1	0.8184598789041858	0.41309464247603556
3525	Enterorhabdus	Castrado0 - Castrado1	-0.1567525737988239	0.8754398512922905
3527	Olsenella	Castrado0 - Castrado1	-0.4928289448428126	0.622133456951812
3529	Parvibacter	Castrado0 - Castrado1	-0.6020247570616042	0.54715765801466
3530	Senegalimassilia	Castrado0 - Castrado1	-0.29970630202139065	0.7644011911494802
3531	Slackia	Castrado0 - Castrado1	0.30622975331813845	0.7594297200113576
3532	unclassified_Coriobacteriaceae	Castrado0 - Castrado1	-0.8251651362089871	0.4092778437879778
3533	Rubrobacter	Castrado0 - Castrado1	0.556716712831054	0.577720996275307
3536	unclassified_Sphaerobacteraceae	Castrado0 - Castrado1	1.567750777784019	0.11693930625803331
355	Caulobacterales	Castrado0 - Castrado1	-0.38254514380379806	0.7020570505157918
356	Eilatimonas	Castrado0 - Castrado1	0.4552668222739709	0.6489172920397392
359	Magnetococcales	Castrado0 - Castrado1	0.20492824547396835	0.8376281868128206
36	Proteobacteria	Castrado0 - Castrado1	0.05543599856338929	0.9557911172133153
360	Rhizobiales	Castrado0 - Castrado1	-1.2198319439557315	0.22252858917349755
361	Rhodobacterales	Castrado0 - Castrado1	-0.4359126847335697	0.6629000814771957
362	Rhodospirillales	Castrado0 - Castrado1	0.956899966452719	0.3386177481529435
363	Rickettsiales	Castrado0 - Castrado1	-1.8590548518920011	0.06301936384704977
364	SAR11	Castrado0 - Castrado1	-0.4192245665581633	0.6750520196777122
365	Sneathiellales	Castrado0 - Castrado1	-1.363717532040997	0.1726564840084843
366	Sphingomonadales	Castrado0 - Castrado1	-0.9468744043859986	0.34370278199775933
367	unclassified_Alphaproteobacteria	Castrado0 - Castrado1	-1.0684582665667757	0.2853138460061376
369	Burkholderiales	Castrado0 - Castrado1	0.4835943664527918	0.6286737736546623
37	Spirochaetes	Castrado0 - Castrado1	-1.3076173519289926	0.19100312846809492
372	Ferrovales	Castrado0 - Castrado1	-0.8319582757943071	0.40543249614692656
374	Hydrogenophilales	Castrado0 - Castrado1	-2.3781876089914826	0.017397971616109942
375	Methylophilales	Castrado0 - Castrado1	-1.2452936863174937	0.21302381562647063
376	Neisseriales	Castrado0 - Castrado1	-0.1682029920666427	0.8664235871543872
377	Nitrosomonadales	Castrado0 - Castrado1	-1.2458832562595963	0.21280725799788552
378	Rhodocyclales	Castrado0 - Castrado1	-0.5177559919665563	0.6046285266584006
38	Synergistetes	Castrado0 - Castrado1	0.9647958790973585	0.3346470603833795
380	unclassified_Betaproteobacteria	Castrado0 - Castrado1	-0.32340309965367986	0.7463899823817552
381	Bdellovibrionales	Castrado0 - Castrado1	-0.3505631575457953	0.7259161004548023
382	Bradymonadales	Castrado0 - Castrado1	-0.3118057963077208	0.7551881186981169
385	Desulfobacterales	Castrado0 - Castrado1	-0.8771969869795595	0.3803796523502587
386	Desulfovibrionales	Castrado0 - Castrado1	-0.4654793579193459	0.6415882158082677
388	Desulfuromonadales	Castrado0 - Castrado1	-0.4765230333510876	0.6337018017877851
389	Myxococcales	Castrado0 - Castrado1	-0.7271310366980953	0.46714568751280355
39	Tenericutes	Castrado0 - Castrado1	0.1937548881760929	0.8463678115618336
390	Syntrophobacterales	Castrado0 - Castrado1	-0.48792300956716683	0.6256043757387488
391	Syntrophorhabdaceae	Castrado0 - Castrado1	0.09250484034113156	0.9262969456764794
392	unclassified_Deltaproteobacteria	Castrado0 - Castrado1	-0.9871316933675038	0.3235780824471815
393	Campylobacterales	Castrado0 - Castrado1	-1.424051506676578	0.15443156261658583
394	Nautiliales	Castrado0 - Castrado1	0.7325713911265044	0.4638198853903535
396	Enterobacteriales	Castrado0 - Castrado1	0.26297271107983866	0.7925716124486726
398	Vibrionales	Castrado0 - Castrado1	0.0036103789553584955	0.997119340631027
399	Acidithiobacillales	Castrado0 - Castrado1	-0.7015134426586697	0.482982648437974
400	Aeromonadales	Castrado0 - Castrado1	0.6483086242087073	0.5167853571348313
401	Alteromonadales	Castrado0 - Castrado1	0.16799937944920415	0.8665837672685816
404	Chromatiales	Castrado0 - Castrado1	-0.830407102739281	0.4063086511489788
405	Gammaproteobacteria_incertae_sedis	Castrado0 - Castrado1	1.0140415505316158	0.310562926180699
406	Legionellales	Castrado0 - Castrado1	1.6518330462039144	0.09856859000866773
407	Methylococcales	Castrado0 - Castrado1	0.3401353656630445	0.7337545898689435
408	Oceanospirillales	Castrado0 - Castrado1	-1.1559696389928467	0.24769357585939997
409	Orbales	Castrado0 - Castrado1	-0.6565369094576343	0.511478727395593
41	Thermotogae	Castrado0 - Castrado1	-0.4808525155441364	0.6306213231044968
410	Pasteurellales	Castrado0 - Castrado1	-0.5632185412454842	0.5732860788422267
411	Pseudomonadales	Castrado0 - Castrado1	-0.7039346235119897	0.48147348819227326
412	Thiotrichales	Castrado0 - Castrado1	-1.7842087813742655	0.07438974593106248
413	Xanthomonadales	Castrado0 - Castrado1	-0.30578356221242187	0.7597694448361041
414	unclassified_Gammaproteobacteria	Castrado0 - Castrado1	-0.7443269788876496	0.45667868337645834
416	Spirochaetales	Castrado0 - Castrado1	-0.1942878900367717	0.8459504673199444
417	Synergistales	Castrado0 - Castrado1	0.23839128773397292	0.8115776240561168
418	Acholeplasmatales	Castrado0 - Castrado1	0.8391047899745151	0.4014105084021842
419	Anaeroplasmatales	Castrado0 - Castrado1	0.6587054157448139	0.5100849545841926
42	Verrucomicrobia	Castrado0 - Castrado1	0.07995439999175058	0.936273523339468
420	Entomoplasmatales	Castrado0 - Castrado1	0.27230283429451263	0.785389177086982
422	Mycoplasmatales	Castrado0 - Castrado1	-0.12541462553253863	0.9001953100318068
425	Kosmotogales	Castrado0 - Castrado1	-1.3637175363809222	0.1726564826420523
426	Petrotogales	Castrado0 - Castrado1	-1.3637175326868105	0.17265648380514897
429	Opitutales	Castrado0 - Castrado1	-0.09883595588216498	0.9212685195822288
430	Puniceicoccales	Castrado0 - Castrado1	-0.19321212590990597	0.8467928425630754
431	unclassified_Opitutae	Castrado0 - Castrado1	-0.3493381064226441	0.7268354935059935
432	Spartobacteria_genera_incertae_sedis	Castrado0 - Castrado1	-1.3427588575084612	0.1793500694740577
433	Terrimicrobium	Castrado0 - Castrado1	0.41366256113178484	0.6791212492709158
435	unclassified_Spartobacteria	Castrado0 - Castrado1	0.9396578795676079	0.347393077035037
437	Subdivision3_genera_incertae_sedis	Castrado0 - Castrado1	-0.41409934814878596	0.6788013501754282
439	Subdivision5_genera_incertae_sedis	Castrado0 - Castrado1	-0.09428531979648222	0.9248825110685163
440	Verrucomicrobiales	Castrado0 - Castrado1	0.10198451201492684	0.9187689686012798
441	Chloroplast	Castrado0 - Castrado1	-2.356557899993383	0.018445191902324968
442	Family I	Castrado0 - Castrado1	-1.8364254240286357	0.06629476229279055
443	Family II	Castrado0 - Castrado1	-0.4312044127489349	0.6663197456398322
445	Family IV	Castrado0 - Castrado1	1.6091710606310505	0.10757894245225218
448	Family VI	Castrado0 - Castrado1	-1.3637175338857708	0.17265648342765452
455	unclassified_Cyanobacteria	Castrado0 - Castrado1	-0.32202492880012046	0.7474338091662831
456	Bacillales	Castrado0 - Castrado1	0.4428824280920485	0.6578507779871521
457	Lactobacillales	Castrado0 - Castrado1	0.2270903428328632	0.820353493203178
458	unclassified_Bacilli	Castrado0 - Castrado1	-0.5153946588723595	0.6062772640431017
459	Clostridiales	Castrado0 - Castrado1	0.644856336882339	0.5190202893767866
460	Halanaerobiales	Castrado0 - Castrado1	-2.1273739661804605	0.03338902347325279
462	Thermoanaerobacterales	Castrado0 - Castrado1	-0.13090702450512567	0.8958488577543811
463	unclassified_Clostridia	Castrado0 - Castrado1	0.31234133822106275	0.7547811269797482
464	Erysipelotrichales	Castrado0 - Castrado1	-1.1795719574353087	0.23817050166595985
465	Selenomonadales	Castrado0 - Castrado1	-0.8877385694875238	0.37468139381508336
467	Ignavibacteriales	Castrado0 - Castrado1	-0.3493381062637296	0.7268354936252834
469	Nitrospirales	Castrado0 - Castrado1	0.7487749964591514	0.45399283243697536
47	BRC1	Castrado0 - Castrado1	0.34960244072725255	0.7266370789585173
49	Candidatus Saccharibacteria	Castrado0 - Castrado1	-0.020790927765739386	0.9834124347704503
496	Methanobacteriaceae	Castrado0 - Castrado1	0.3776478007268669	0.7056922498870508
5	Euryarchaeota	Castrado0 - Castrado1	0.8822577140399086	0.37763745799003884
50	Cloacimonetes	Castrado0 - Castrado1	0.7487749962413921	0.45399283256824674
51	Cyanobacteria/Chloroplast	Castrado0 - Castrado1	-2.5567731359592285	0.010564809368833082
512	Holophagaceae	Castrado0 - Castrado1	-0.11678647779570768	0.907029259575269
513	Acidimicrobiales	Castrado0 - Castrado1	-0.8338163608133228	0.40438447437702185
514	Actinomycetales	Castrado0 - Castrado1	0.8122706618720971	0.41663634106632813
515	Bifidobacteriales	Castrado0 - Castrado1	-1.3218154322943505	0.18622961819713685
517	Coriobacteriales	Castrado0 - Castrado1	-0.6240977635267155	0.5325633825964639
518	Euzebyales	Castrado0 - Castrado1	0.09250484073108844	0.9262969453666672
519	Nitriliruptorales	Castrado0 - Castrado1	-0.2044146584852913	0.8380294762091727
52	Firmicutes	Castrado0 - Castrado1	0.32754839382162027	0.7432531467481742
521	Gaiellales	Castrado0 - Castrado1	-0.6775125440819103	0.498080813887121
522	Rubrobacterales	Castrado0 - Castrado1	1.7434099554680988	0.0812620305449615
523	Solirubrobacterales	Castrado0 - Castrado1	-0.22162858315751052	0.8246030296487237
525	Thermoleophilaceae	Castrado0 - Castrado1	0.4368609453116194	0.6622121967840564
53	Hydrogenedentes	Castrado0 - Castrado1	-1.9872141663521274	0.0468986686406811
531	Armatimonadaceae	Castrado0 - Castrado1	-0.9759689629769628	0.32907984508137694
532	Chthonomonadaceae	Castrado0 - Castrado1	-0.6947361509947363	0.4872206681575239
535	Porphyromonadaceae	Castrado0 - Castrado1	0.8301406454814911	0.40645926889450995
536	Prevotellaceae	Castrado0 - Castrado1	0.45638695800497925	0.6481117425226978
537	Rikenellaceae	Castrado0 - Castrado1	-0.4423565823912116	0.6582311921076707
538	Bacteroidaceae	Castrado0 - Castrado1	0.21966382674224905	0.8261329786408979
539	Marinilabiliaceae	Castrado0 - Castrado1	0.09250484061295006	0.9262969454605255
54	Ignavibacteriae	Castrado0 - Castrado1	-1.5721968805852373	0.11590489867514712
540	Prolixibacteraceae	Castrado0 - Castrado1	1.6645972933317201	0.0959931257307869
541	unclassified_Bacteroidales	Castrado0 - Castrado1	1.8003898145374688	0.071799107977899
543	Chryseolinea	Castrado0 - Castrado1	0.34960244057778184	0.7266370790707077
544	Cyclobacteriaceae	Castrado0 - Castrado1	-0.4536071749675035	0.6501115883822601
545	Cytophagaceae	Castrado0 - Castrado1	0.9289370508235799	0.35292171022842733
546	Flammeovirgaceae	Castrado0 - Castrado1	-0.46573822766966355	0.6414028858282697
549	Ohtaekwangia	Castrado0 - Castrado1	0.7325713914298259	0.4638198852052951
55	Latescibacteria	Castrado0 - Castrado1	-0.09623520833899678	0.9233337683620052
550	unclassified_Cytophagales	Castrado0 - Castrado1	-0.3736244234510907	0.7086837605312016
551	Cryomorphaceae	Castrado0 - Castrado1	0.4678698650385703	0.6398776547998327
552	Flavobacteriaceae	Castrado0 - Castrado1	1.021982682537353	0.3067890967756203
555	Rhodothermaceae	Castrado0 - Castrado1	-0.3811864026456814	0.7030649379583993
556	Saprospiraceae	Castrado0 - Castrado1	-0.7632599262526663	0.4453083962003262
558	Chitinophagaceae	Castrado0 - Castrado1	-0.4572070291826462	0.647522246474074
560	Sphingobacteriaceae	Castrado0 - Castrado1	-1.4506014090223491	0.14689088273184445
561	unclassified_Sphingobacteriales	Castrado0 - Castrado1	0.7325713911329486	0.4638198853864219
562	Caldisericaceae	Castrado0 - Castrado1	0.7325713914085474	0.4638198852182772
564	Parachlamydiaceae	Castrado0 - Castrado1	0.934572371239297	0.35000872309875364
568	Chlorobiaceae	Castrado0 - Castrado1	0.10202135460663082	0.9187397249965726
569	Anaerolineaceae	Castrado0 - Castrado1	0.5164860154627154	0.6055150036848178
57	Microgenomates	Castrado0 - Castrado1	-0.3493381065576808	0.7268354934046276
571	Caldilineaceae	Castrado0 - Castrado1	1.4690520941259555	0.14181866004461124
572	Chloroflexineae	Castrado0 - Castrado1	0.5688912969443616	0.5694299119229184
573	Herpetosiphonaceae	Castrado0 - Castrado1	0.4219809754954408	0.6730389036903466
576	Ktedonobacteraceae	Castrado0 - Castrado1	-1.0530187637852255	0.29233239241622433
578	unclassified_Ktedonobacterales	Castrado0 - Castrado1	1.3873242431119357	0.1653429138905144
581	Sphaerobacterales	Castrado0 - Castrado1	0.7344653436625381	0.4626651745996763
584	Deferribacteraceae	Castrado0 - Castrado1	-1.4135871232300814	0.15748316426568604
586	Deinococcaceae	Castrado0 - Castrado1	0.732571391322421	0.4638198852708234
589	Thermaceae	Castrado0 - Castrado1	-0.23099725012495448	0.8173169383478908
59	Nitrospirae	Castrado0 - Castrado1	-0.5874076401143229	0.5569299638574565
591	Elusimicrobiaceae	Castrado0 - Castrado1	1.9677832092294858	0.04909298693301763
592	Fibrobacteraceae	Castrado0 - Castrado1	-1.3637175334407687	0.1726564835677641
593	Chitinivibrionaceae	Castrado0 - Castrado1	0.09250484061354061	0.9262969454600564
594	Fusobacteriaceae	Castrado0 - Castrado1	-0.5804653558853944	0.5616008428127103
595	Leptotrichiaceae	Castrado0 - Castrado1	1.4690520953125046	0.14181865972280297
597	Gemmatimonadaceae	Castrado0 - Castrado1	-0.8944215579340931	0.37109638230803327
599	Victivallaceae	Castrado0 - Castrado1	1.1490369891815901	0.25054072863408683
600	Oligosphaeraceae	Castrado0 - Castrado1	-0.6325388904142737	0.5270348042198623
601	Phycisphaeraceae	Castrado0 - Castrado1	0.7325713924477736	0.46381988458423856
603	Candidatus Brocadiaceae	Castrado0 - Castrado1	-1.0530187641202062	0.2923323922627003
604	Planctomycetaceae	Castrado0 - Castrado1	-1.686526252544738	0.09169448296644543
605	Mariprofundaceae	Castrado0 - Castrado1	-0.9832074879106992	0.32550533023142786
609	Rhizomicrobium	Castrado0 - Castrado1	0.09250484064487342	0.9262969454351632
61	Parcubacteria	Castrado0 - Castrado1	0.08381636742313063	0.933202434489683
611	Caulobacteraceae	Castrado0 - Castrado1	-0.6702774715509797	0.5026809256571476
612	Hyphomonadaceae	Castrado0 - Castrado1	-0.8728669608650257	0.38273559649931543
618	Magnetococcaceae	Castrado0 - Castrado1	0.40313972101471424	0.6868454411107107
622	Bradyrhizobiaceae	Castrado0 - Castrado1	-1.0431495761524874	0.2968790227685413
626	Methylobacteriaceae	Castrado0 - Castrado1	-0.8379083109634086	0.4020822007213848
628	Phyllobacteriaceae	Castrado0 - Castrado1	0.7113321215141969	0.47687845100264725
629	Rhizobiaceae	Castrado0 - Castrado1	-0.9759689633335223	0.3290798449046771
63	SR1	Castrado0 - Castrado1	1.4980333537382375	0.13412458494104088
634	unclassified_Rhizobiales	Castrado0 - Castrado1	0.5378488986658866	0.5906813701453673
635	Rhodobacteraceae	Castrado0 - Castrado1	-1.0968493687393956	0.27270724487963555
636	Acetobacteraceae	Castrado0 - Castrado1	0.1466460950329431	0.8834113683887871
639	Rhodospirillaceae	Castrado0 - Castrado1	0.46032940368271213	0.6452797988502887
640	unclassified_Rhodospirillales	Castrado0 - Castrado1	1.4846398105243126	0.13763926372638047
641	Anaplasmataceae	Castrado0 - Castrado1	0.09250484061295006	0.9262969454605255
644	Candidatus Pelagibacter	Castrado0 - Castrado1	0.07597067298169545	0.9394424303201206
645	Sneathiellaceae	Castrado0 - Castrado1	-0.5382270032496671	0.590420339697554
647	Sphingomonadaceae	Castrado0 - Castrado1	-0.852133891931745	0.3941397830152994
648	unclassified_Sphingomonadales	Castrado0 - Castrado1	-0.48085251465932166	0.6306213237334
65	candidate division WPS-2	Castrado0 - Castrado1	0.09250484065203891	0.9262969454294703
650	Alcaligenaceae	Castrado0 - Castrado1	-0.02740124456318233	0.9781397056047407
651	Burkholderiaceae	Castrado0 - Castrado1	-0.8859572590718833	0.3756405592508171
652	Burkholderiales_incertae_sedis	Castrado0 - Castrado1	-0.6480062222127563	0.5169809258627622
653	Comamonadaceae	Castrado0 - Castrado1	0.03401346728834096	0.9728664115723467
654	Oxalobacteraceae	Castrado0 - Castrado1	-0.662722352888227	0.5075083910240152
655	Sutterellaceae	Castrado0 - Castrado1	0.3666608785347499	0.7138719914955256
656	unclassified_Burkholderiales	Castrado0 - Castrado1	0.14664609512647261	0.8834113683149595
658	Ferrovaceae	Castrado0 - Castrado1	0.09250484090688178	0.9262969452270032
659	Gallionellaceae	Castrado0 - Castrado1	0.09250484067016311	0.926296945415071
660	Hydrogenophilaceae	Castrado0 - Castrado1	-0.4808525153896135	0.6306213232143276
662	Neisseriaceae	Castrado0 - Castrado1	-0.3015996408756893	0.7629572817916195
663	Nitrosomonadaceae	Castrado0 - Castrado1	-0.8212772467075535	0.41148836503280584
666	Rhodocyclaceae	Castrado0 - Castrado1	-2.335977626380675	0.019492407640452257
668	Bacteriovoracaceae	Castrado0 - Castrado1	0.09250484073870162	0.9262969453606187
669	Bdellovibrionaceae	Castrado0 - Castrado1	-0.23948418717734837	0.8107301565796978
672	Bradymonadaceae	Castrado0 - Castrado1	-0.7357999039249263	0.46185247970885246
673	Deferrisoma	Castrado0 - Castrado1	-1.363717533632372	0.17265648350743754
676	Desulfobacteraceae	Castrado0 - Castrado1	0.6993684037259519	0.4843218284682008
677	Desulfobulbaceae	Castrado0 - Castrado1	-0.854282574114335	0.3929484401055236
679	Desulfohalobiaceae	Castrado0 - Castrado1	-1.0261507053652152	0.3048205528071972
680	Desulfomicrobiaceae	Castrado0 - Castrado1	-3.6755717548206297	2.3731732541301597e-4
681	Desulfonatronaceae	Castrado0 - Castrado1	-1.363717532040997	0.1726564840084843
682	Desulfovibrionaceae	Castrado0 - Castrado1	-0.27940387958068835	0.779934894119982
684	Desulfurellaceae	Castrado0 - Castrado1	-0.20441465846989862	0.8380294762212003
685	Desulfuromonadaceae	Castrado0 - Castrado1	-1.7978771833371345	0.07219647261174823
686	Geobacteraceae	Castrado0 - Castrado1	-0.019341081482980537	0.9845690117655749
688	Cystobacterineae	Castrado0 - Castrado1	-0.9759689633081844	0.32907984491723385
689	Nannocystineae	Castrado0 - Castrado1	-0.5305002100938386	0.5957651633853925
690	Sandaracinaceae	Castrado0 - Castrado1	1.8144038349559566	0.06961557577679232
691	Sorangiineae	Castrado0 - Castrado1	-1.0083724183879947	0.31327570889461054
692	unclassified_Myxococcales	Castrado0 - Castrado1	-0.8379083111119434	0.40208220063795697
693	Syntrophaceae	Castrado0 - Castrado1	-0.20261412390157402	0.8394366496998574
694	Syntrophobacteraceae	Castrado0 - Castrado1	0.14664609507024925	0.8834113683593394
698	Campylobacteraceae	Castrado0 - Castrado1	-0.6440167847988696	0.519564549829343
699	Helicobacteraceae	Castrado0 - Castrado1	0.9238188943091533	0.35558061616718845
700	unclassified_Campylobacterales	Castrado0 - Castrado1	-0.2514906846881799	0.8014347633598016
701	Nautiliaceae	Castrado0 - Castrado1	-1.8364254240286357	0.06629476229279055
702	Enterobacteriaceae	Castrado0 - Castrado1	0.22066102703288143	0.8253563793502257
704	Vibrionaceae	Castrado0 - Castrado1	-1.237190424625105	0.21601639554745064
705	Acidithiobacillaceae	Castrado0 - Castrado1	-0.6942078269398513	0.4875518848447443
708	Aeromonadaceae	Castrado0 - Castrado1	0.6483086243370927	0.5167853570518104
709	Succinivibrionaceae	Castrado0 - Castrado1	0.10202135459057711	0.9187397250093152
711	Alteromonadaceae	Castrado0 - Castrado1	-1.3773629103031153	0.1684000739811949
714	Colwelliaceae	Castrado0 - Castrado1	0.09250484062799845	0.9262969454485699
719	Pseudoalteromonadaceae	Castrado0 - Castrado1	-1.9811340637940047	0.047576241138339415
72	Methanobacteria	Castrado0 - Castrado1	0.6609228255789088	0.5086618070840665
721	Shewanellaceae	Castrado0 - Castrado1	0.7989375626328057	0.4243266169831138
725	Chromatiaceae	Castrado0 - Castrado1	-0.4150225336522476	0.6781254073976332
726	Ectothiorhodospiraceae	Castrado0 - Castrado1	-0.5835164087782354	0.5595457141838319
730	unclassified_Chromatiales	Castrado0 - Castrado1	0.3407628385060868	0.733282128384434
732	Candidatus Carsonella	Castrado0 - Castrado1	0.09250484072444838	0.9262969453719426
754	unclassified_Gammaproteobacteria_incertae_sedis	Castrado0 - Castrado1	0.8534179481797715	0.39342757178878585
755	Coxiellaceae	Castrado0 - Castrado1	-0.251490684556796	0.8014347634613675
756	Legionellaceae	Castrado0 - Castrado1	-0.9759689614678361	0.32907984582925304
758	Methylococcaceae	Castrado0 - Castrado1	-0.6029043186560711	0.5465723428399379
760	Alcanivoracaceae	Castrado0 - Castrado1	-1.377445686983514	0.16837449595245374
761	Hahellaceae	Castrado0 - Castrado1	0.7646841864982559	0.4444596248846876
762	Halomonadaceae	Castrado0 - Castrado1	-1.0511530433035146	0.29318830552571673
764	Oceanospirillaceae	Castrado0 - Castrado1	-0.32364489071878905	0.746206897708106
768	Orbaceae	Castrado0 - Castrado1	-0.014703899174323411	0.9882684086041656
769	Pasteurellaceae	Castrado0 - Castrado1	-0.33859119259879267	0.734917718389712
770	Moraxellaceae	Castrado0 - Castrado1	-1.3558156470568306	0.17515783155093095
771	Pseudomonadaceae	Castrado0 - Castrado1	-0.0947904857093853	0.9244812441472204
775	Piscirickettsiaceae	Castrado0 - Castrado1	-1.1532815180928944	0.24879485354009986
776	Thiotrichaceae	Castrado0 - Castrado1	-0.08197220997217855	0.9346688122952558
777	Thiotrichales_incertae_sedis	Castrado0 - Castrado1	0.687485581518935	0.4917767836854538
780	Sinobacteraceae	Castrado0 - Castrado1	-1.5621205565442282	0.11825959106742982
781	Xanthomonadaceae	Castrado0 - Castrado1	0.7262126613181402	0.4677084112783356
786	Leptospiraceae	Castrado0 - Castrado1	0.6831695694447455	0.49449969906714386
787	Spirochaetaceae	Castrado0 - Castrado1	1.392216133272455	0.16385695875733983
790	Synergistaceae	Castrado0 - Castrado1	-0.5224445666467081	0.6013608329143785
791	Acholeplasmataceae	Castrado0 - Castrado1	-0.08197221004625424	0.9346688122363501
792	Anaeroplasmataceae	Castrado0 - Castrado1	0.6425380275837127	0.5205239065505635
794	Spiroplasmataceae	Castrado0 - Castrado1	-2.7934916437009054	0.005214237617729526
797	Mycoplasmataceae	Castrado0 - Castrado1	-0.12541462545707058	0.9001953100915498
798	Thermodesulfobacteriaceae	Castrado0 - Castrado1	-0.48085251447660615	0.6306213238632694
799	Kosmotogaceae	Castrado0 - Castrado1	-0.6325388905272192	0.5270348041460842
803	Opitutaceae	Castrado0 - Castrado1	-0.03813398939533905	0.9695808513917251
804	Puniceicoccaceae	Castrado0 - Castrado1	0.5759273151191264	0.5646643118451555
806	Verrucomicrobiaceae	Castrado0 - Castrado1	0.06118812667177191	0.9512093855584995
807	unclassified_Verrucomicrobiales	Castrado0 - Castrado1	0.09250484071646892	0.9262969453782821
808	Bacillariophyta	Castrado0 - Castrado1	-1.6690017481450479	0.0951170333623358
814	Streptophyta	Castrado0 - Castrado1	-0.5691139115045732	0.5692788381151428
815	unclassified_Chloroplast	Castrado0 - Castrado1	2.6923567357822558	0.007094901034175084
816	GpI	Castrado0 - Castrado1	1.3216948497968815	0.18626978434172403
817	GpIIa	Castrado0 - Castrado1	-0.18410115648820807	0.8539340992405755
821	GpIV	Castrado0 - Castrado1	-0.9759689629602974	0.3290798450896357
830	GpXIII	Castrado0 - Castrado1	0.09250484068550006	0.9262969454028862
831	Alicyclobacillaceae	Castrado0 - Castrado1	-0.3971139945402394	0.6912834005022981
832	Bacillaceae 1	Castrado0 - Castrado1	1.3241579000743868	0.18545060949326514
833	Bacillaceae 2	Castrado0 - Castrado1	1.8753530639163105	0.06074416770129565
834	Bacillales_Incertae Sedis X	Castrado0 - Castrado1	0.09250484064487342	0.9262969454351632
835	Bacillales_Incertae Sedis XI	Castrado0 - Castrado1	-1.4427681551580769	0.1490857926356586
836	Bacillales_Incertae Sedis XII	Castrado0 - Castrado1	1.1090243490076266	0.26741967809343903
837	Bacillales_incertae_sedis	Castrado0 - Castrado1	2.2188235525161235	0.026498731022272508
838	Listeriaceae	Castrado0 - Castrado1	0.09250484065203891	0.9262969454294703
839	Paenibacillaceae 1	Castrado0 - Castrado1	1.118949294527291	0.26316177139498376
840	Paenibacillaceae 2	Castrado0 - Castrado1	-0.018841694644738283	0.9849673922018524
841	Planococcaceae	Castrado0 - Castrado1	0.881657607361834	0.37796199235200983
842	Sporolactobacillaceae	Castrado0 - Castrado1	1.3005279831194372	0.19342007182110854
843	Staphylococcaceae	Castrado0 - Castrado1	-1.9640411158252558	0.04952532397380459
844	Thermoactinomycetaceae 1	Castrado0 - Castrado1	-1.6225806470289226	0.10467908035172326
846	unclassified_Bacillales	Castrado0 - Castrado1	0.06438263355222273	0.9486655577527922
847	Aerococcaceae	Castrado0 - Castrado1	0.8107872333815817	0.4174878672374749
848	Carnobacteriaceae	Castrado0 - Castrado1	-0.5666374294680531	0.5709605396598776
849	Enterococcaceae	Castrado0 - Castrado1	0.5954951166104747	0.5515125624110673
850	Lactobacillaceae	Castrado0 - Castrado1	0.2804914668808306	0.7791004712703709
851	Leuconostocaceae	Castrado0 - Castrado1	1.4745756530113185	0.14032666456973508
852	Streptococcaceae	Castrado0 - Castrado1	0.4969213494739696	0.6192445155402013
853	unclassified_Lactobacillales	Castrado0 - Castrado1	-0.4178788058672033	0.6760357290792024
854	Catabacteriaceae	Castrado0 - Castrado1	-0.09674878885146901	0.9229258936323008
855	Christensenellaceae	Castrado0 - Castrado1	-0.1887969073141779	0.8502519958589083
856	Clostridiaceae 1	Castrado0 - Castrado1	-0.6435234795252599	0.5198844845088895
857	Clostridiaceae 2	Castrado0 - Castrado1	0.25621146551977797	0.7977875558433696
858	Clostridiaceae 3	Castrado0 - Castrado1	0.7325713916251541	0.4638198850861241
859	Clostridiaceae 4	Castrado0 - Castrado1	0.7113321208072768	0.47687845144060825
860	Clostridiales_Incertae Sedis III	Castrado0 - Castrado1	0.5455996063587013	0.5853411950043669
862	Clostridiales_Incertae Sedis XI	Castrado0 - Castrado1	-0.5853522023577954	0.5583109207666173
863	Clostridiales_Incertae Sedis XII	Castrado0 - Castrado1	-0.48312232335450445	0.6290088844759032
864	Clostridiales_Incertae Sedis XIII	Castrado0 - Castrado1	-1.046099369587321	0.2955151562673765
866	Clostridiales_Incertae Sedis XVI	Castrado0 - Castrado1	0.14664609509647009	0.883411368338642
867	Clostridiales_Incertae Sedis XVII	Castrado0 - Castrado1	-0.9406761736885064	0.34687083262379376
868	Clostridiales_Incertae Sedis XVIII	Castrado0 - Castrado1	-1.3637175371722863	0.1726564823928901
870	Defluviitaleaceae	Castrado0 - Castrado1	0.13569036274788862	0.8920660666673039
871	Eubacteriaceae	Castrado0 - Castrado1	0.3757997344679477	0.7070657852237128
872	Gracilibacteraceae	Castrado0 - Castrado1	0.7921068901938912	0.4282983528678357
873	Heliobacteriaceae	Castrado0 - Castrado1	1.1088762804124939	0.2674835576188755
874	Lachnospiraceae	Castrado0 - Castrado1	0.506193716421956	0.6127206657003076
876	Peptococcaceae 1	Castrado0 - Castrado1	-0.9198423303930325	0.3576551590213992
877	Peptococcaceae 2	Castrado0 - Castrado1	1.3409323171830438	0.17994242848736183
878	Peptoniphilaceae	Castrado0 - Castrado1	1.387324244340404	0.1653429135160871
879	Peptostreptococcaceae	Castrado0 - Castrado1	-0.22856142908039634	0.8192098061318214
881	Ruminococcaceae	Castrado0 - Castrado1	0.3006642704759144	0.7636705168114455
882	Syntrophomonadaceae	Castrado0 - Castrado1	-0.5006921899834809	0.6165877696377178
883	Vallitalea	Castrado0 - Castrado1	-0.5648748327668662	0.5721589029243666
884	unclassified_Clostridiales	Castrado0 - Castrado1	-0.9131367301230326	0.36117063474259237
886	Halanaerobiaceae	Castrado0 - Castrado1	-1.3637175338230991	0.1726564834473868
888	unclassified_Halanaerobiales	Castrado0 - Castrado1	0.13569036274041582	0.8920660666732116
890	Thermoanaerobacteraceae	Castrado0 - Castrado1	-0.5851356935829143	0.5584564802005733
891	Thermodesulfobiaceae	Castrado0 - Castrado1	0.7325713913983859	0.46381988522447676
893	Erysipelotrichaceae	Castrado0 - Castrado1	-1.2148744569701546	0.22441397727623524
894	Acidaminococcaceae	Castrado0 - Castrado1	-0.7760791860200478	0.4377022323394366
895	Veillonellaceae	Castrado0 - Castrado1	-0.7941331592184253	0.42711791542959093
898	Ignavibacteriaceae	Castrado0 - Castrado1	-0.6089875624121616	0.5425326829757752
900	Nitrospiraceae	Castrado0 - Castrado1	-1.1831408473842884	0.23675333157236692
96	Acidobacteria_Gp10	Castrado0 - Castrado1	-0.48085251594172046	0.6306213228219044
